create database if not exists tourism_system default character set utf8mb4;
use tourism_system;

create table if not exists scenic_spot (
    id bigint primary key auto_increment,
    scenic_name varchar(100) not null,
    city varchar(50) not null,
    category varchar(50),
    description text,
    price decimal(10, 2),
    score decimal(3, 1),
    popularity int,
    tags varchar(255),
    longitude decimal(10, 6),
    latitude decimal(10, 6)
);

create table if not exists sys_user (
    id bigint primary key auto_increment,
    username varchar(50) not null unique,
    password varchar(100) not null,
    phone varchar(20),
    email varchar(100),
    role varchar(20) default 'USER',
    status int default 1,
    create_time datetime default current_timestamp
);

create table if not exists hotel (
    id bigint primary key auto_increment,
    hotel_name varchar(100) not null,
    city varchar(50) not null,
    address varchar(255),
    level varchar(20),
    description text,
    status int default 1
);

create table if not exists hotel_room (
    id bigint primary key auto_increment,
    hotel_id bigint not null,
    room_type varchar(50) not null,
    price decimal(10, 2) not null,
    stock int default 0,
    room_status varchar(20) default 'AVAILABLE'
);

create table if not exists ticket (
    id bigint primary key auto_increment,
    scenic_id bigint not null,
    ticket_name varchar(100) not null,
    price decimal(10, 2) not null,
    stock int default 0,
    available_date date
);

create table if not exists travel_route (
    id bigint primary key auto_increment,
    route_name varchar(100) not null,
    city varchar(50) not null,
    days int not null,
    budget decimal(10, 2),
    theme varchar(50),
    route_desc text
);

create table if not exists route_spot (
    id bigint primary key auto_increment,
    route_id bigint not null,
    scenic_id bigint not null,
    day_no int not null,
    sort_no int not null
);

create table if not exists hotel_order (
    id bigint primary key auto_increment,
    user_id bigint not null,
    hotel_id bigint not null,
    room_id bigint not null,
    check_in_date date not null,
    check_out_date date not null,
    total_amount decimal(10, 2) not null,
    order_status varchar(20) default 'CREATED',
    create_time datetime default current_timestamp
);

create table if not exists ticket_order (
    id bigint primary key auto_increment,
    user_id bigint not null,
    ticket_id bigint not null,
    visit_date date not null,
    quantity int not null,
    total_amount decimal(10, 2) not null,
    order_status varchar(20) default 'CREATED',
    create_time datetime default current_timestamp
);

create table if not exists user_favorite (
    id bigint primary key auto_increment,
    user_id bigint not null,
    scenic_id bigint,
    favorite_type varchar(20) default 'SCENIC',
    target_id varchar(100),
    title varchar(100),
    description varchar(255),
    create_time datetime default current_timestamp,
    unique key uk_user_favorite_target (user_id, favorite_type, target_id)
);

create table if not exists order_review (
    id bigint primary key auto_increment,
    user_id bigint not null,
    order_type varchar(20) not null,
    order_id bigint not null,
    score int not null,
    content varchar(500) not null,
    create_time datetime default current_timestamp,
    unique key uk_order_review_user_order (user_id, order_type, order_id)
);

create table if not exists map_point (
    id bigint primary key auto_increment,
    point_name varchar(100) not null,
    point_type varchar(30) not null,
    city varchar(50) not null,
    address varchar(255),
    description varchar(500),
    price decimal(10, 2),
    score decimal(3, 1),
    tags varchar(255),
    longitude decimal(10, 6),
    latitude decimal(10, 6),
    sort_no int default 0,
    status int default 1
);

insert into scenic_spot (scenic_name, city, category, description, price, score, popularity, tags, longitude, latitude)
values
('西湖风景名胜区', '杭州', '自然风光', '杭州标志性湖景景区，适合骑行、摄影和夜游。', 60.00, 4.8, 96, '自然,摄影,休闲', 120.148872, 30.239759),
('灵隐寺', '杭州', '人文古迹', '历史悠久的佛教寺院，可结合飞来峰和山林步道游览。', 75.00, 4.7, 92, '文化,历史,寺庙', 120.100935, 30.240826),
('故宫博物院', '北京', '人文古迹', '明清皇家宫殿建筑群，适合历史文化深度游。', 60.00, 4.9, 99, '历史,文化,建筑', 116.397026, 39.918058),
('天坛公园', '北京', '人文古迹', '古代祭天建筑群，适合摄影、慢行和文化讲解。', 35.00, 4.7, 91, '文化,摄影,公园', 116.410829, 39.881913),
('广州塔', '广州', '城市地标', '广州城市天际线代表，可俯瞰珠江夜景。', 150.00, 4.6, 94, '夜景,地标,摄影', 113.324520, 23.106680),
('永庆坊', '广州', '城市街区', '岭南文化街区，适合美食、非遗和城市漫步。', 0.00, 4.5, 88, '美食,文化,街区', 113.257774, 23.117902),
('亚龙湾', '三亚', '滨海度假', '三亚经典海湾，适合海滩、亲子和度假。', 0.00, 4.7, 95, '海滩,亲子,度假', 109.639950, 18.224518),
('蜈支洲岛', '三亚', '海岛景区', '热门海岛景区，适合潜水、海上项目和拍照。', 136.00, 4.6, 93, '海岛,潜水,摄影', 109.760764, 18.311911);

insert into sys_user (username, password, phone, email, role)
values
('admin', 'admin123', '13800000000', 'admin@tourism.com', 'ADMIN'),
('demo', 'demo123', '13900000000', 'demo@tourism.com', 'USER');

insert into hotel (hotel_name, city, address, level, description, status)
values
('西湖湖畔酒店', '杭州', '湖滨路 1 号', '四星级', '靠近西湖核心景区，适合湖景休闲入住。', 1),
('灵隐山居度假酒店', '杭州', '灵隐路 88 号', '五星级', '安静山景酒店，适合亲子和度假出行。', 1),
('王府井精选酒店', '北京', '王府井大街 88 号', '四星级', '靠近故宫和商业街，适合文化游和购物出行。', 1),
('前门胡同民宿', '北京', '前门东路 18 号', '精品民宿', '胡同风格住宿，适合体验老北京生活。', 1),
('珠江新城商务酒店', '广州', '珠江新城华夏路 66 号', '四星级', '交通便利，适合城市观光和商务出行。', 1),
('永庆坊岭南客栈', '广州', '恩宁路 120 号', '精品客栈', '靠近老城街区，适合美食和文化体验。', 1),
('亚龙湾海景度假酒店', '三亚', '亚龙湾路 9 号', '五星级', '靠近海滩，适合亲子度假和海景休闲。', 1),
('三亚湾轻奢酒店', '三亚', '三亚湾路 168 号', '四星级', '性价比较高，适合轻预算海滨出行。', 1);

insert into hotel_room (hotel_id, room_type, price, stock, room_status)
values
(1, '标准间', 368.00, 12, 'AVAILABLE'),
(1, '湖景房', 568.00, 5, 'AVAILABLE'),
(2, '庭院房', 428.00, 8, 'AVAILABLE'),
(2, '套房', 888.00, 2, 'AVAILABLE'),
(3, '舒适大床房', 458.00, 10, 'AVAILABLE'),
(3, '家庭双床房', 688.00, 6, 'AVAILABLE'),
(4, '胡同景观房', 398.00, 8, 'AVAILABLE'),
(4, '院落套房', 598.00, 4, 'AVAILABLE'),
(5, '商务大床房', 368.00, 12, 'AVAILABLE'),
(5, '珠江夜景房', 568.00, 5, 'AVAILABLE'),
(6, '岭南雅致房', 328.00, 9, 'AVAILABLE'),
(6, '老城阳台房', 498.00, 4, 'AVAILABLE'),
(7, '海景大床房', 688.00, 8, 'AVAILABLE'),
(7, '亲子套房', 988.00, 3, 'AVAILABLE'),
(8, '舒适双床房', 388.00, 12, 'AVAILABLE'),
(8, '海湾景观房', 588.00, 5, 'AVAILABLE');

insert into ticket (scenic_id, ticket_name, price, stock, available_date)
values
(1, '西湖成人票', 60.00, 120, '2026-06-10'),
(2, '灵隐寺成人票', 75.00, 80, '2026-06-10'),
(3, '故宫预约票', 60.00, 100, '2026-06-10'),
(4, '天坛联票', 35.00, 100, '2026-06-10'),
(5, '广州塔观光票', 150.00, 90, '2026-06-10'),
(6, '永庆坊文化体验票', 30.00, 100, '2026-06-10'),
(7, '亚龙湾海滩项目票', 80.00, 100, '2026-06-10'),
(8, '蜈支洲岛门船票', 136.00, 80, '2026-06-10');

insert into travel_route (route_name, city, days, budget, theme, route_desc)
values
('杭州三日精华游', '杭州', 3, 1288.00, '城市精华', '覆盖西湖、灵隐寺和本地美食的经典杭州路线。'),
('杭州轻预算周末游', '杭州', 2, 888.00, '经济实惠', '适合周末短途出行的高性价比路线。'),
('北京文化深度游', '北京', 3, 1588.00, '历史文化', '串联故宫、天坛和胡同街区，适合文化主题旅行。'),
('北京轻松周末游', '北京', 2, 999.00, '城市漫步', '适合周末短途，兼顾地标景点和老城体验。'),
('广州美食城市游', '广州', 3, 1188.00, '美食文化', '结合广州塔、永庆坊和粤式美食的城市路线。'),
('广州周末轻游', '广州', 2, 788.00, '经济实惠', '适合轻预算用户体验老城街区和珠江夜景。'),
('三亚滨海度假游', '三亚', 4, 2288.00, '滨海度假', '覆盖亚龙湾、蜈支洲岛和海鲜市集的度假路线。'),
('三亚轻预算海边游', '三亚', 3, 1388.00, '亲子休闲', '适合轻预算海滨出行，节奏放松。');

insert into route_spot (route_id, scenic_id, day_no, sort_no)
values
(1, 1, 1, 1),
(1, 2, 2, 1),
(2, 1, 1, 1),
(3, 3, 1, 1),
(3, 4, 2, 1),
(4, 3, 1, 1),
(4, 4, 2, 1),
(5, 5, 1, 1),
(5, 6, 2, 1),
(6, 6, 1, 1),
(6, 5, 2, 1),
(7, 7, 1, 1),
(7, 8, 2, 1),
(8, 7, 1, 1),
(8, 8, 2, 1);

insert into map_point (point_name, point_type, city, address, description, price, score, tags, longitude, latitude, sort_no, status)
values
('西湖风景名胜区', '景点', '杭州', '杭州市西湖区龙井路1号', '杭州标志性湖景景区，适合骑行、摄影和夜游。', 60.00, 4.8, '自然,摄影,休闲', 120.148872, 30.239759, 10, 1),
('灵隐寺', '景点', '杭州', '杭州市西湖区灵隐路法云弄1号', '历史悠久的佛教寺院，可结合飞来峰和山林步道游览。', 75.00, 4.7, '文化,历史,寺庙', 120.100935, 30.240826, 11, 1),
('故宫博物院', '景点', '北京', '北京市东城区景山前街4号', '明清皇家宫殿建筑群，适合历史文化深度游。', 60.00, 4.9, '历史,文化,建筑', 116.397026, 39.918058, 12, 1),
('天坛公园', '景点', '北京', '北京市东城区天坛东里甲1号', '古代祭天建筑群，适合摄影、慢行和文化讲解。', 35.00, 4.7, '文化,摄影,公园', 116.410829, 39.881913, 13, 1),
('广州塔', '景点', '广州', '广州市海珠区阅江西路222号', '广州城市天际线代表，可俯瞰珠江夜景。', 150.00, 4.6, '夜景,地标,摄影', 113.324520, 23.106680, 14, 1),
('永庆坊', '景点', '广州', '广州市荔湾区恩宁路99号', '岭南文化街区，适合美食、非遗和城市漫步。', 0.00, 4.5, '美食,文化,街区', 113.257774, 23.117902, 15, 1),
('亚龙湾', '景点', '三亚', '三亚市吉阳区亚龙湾国家旅游度假区', '三亚经典海湾，适合海滩、亲子和度假。', 0.00, 4.7, '海滩,亲子,度假', 109.639950, 18.224518, 16, 1),
('蜈支洲岛', '景点', '三亚', '三亚市海棠区蜈支洲岛', '热门海岛景区，适合潜水、海上项目和拍照。', 136.00, 4.6, '海岛,潜水,摄影', 109.760764, 18.311911, 17, 1),
('西湖湖畔酒店', '酒店', '杭州', '杭州市上城区湖滨路1号', '靠近西湖核心景区，适合湖景休闲入住。', 368.00, 4.8, '湖景,近景区,四星', 120.161420, 30.254780, 30, 1),
('灵隐山居度假酒店', '酒店', '杭州', '杭州市西湖区灵隐路88号', '安静山景酒店，适合亲子和度假出行。', 428.00, 4.7, '山景,亲子,度假', 120.104450, 30.244220, 31, 1),
('王府井精选酒店', '酒店', '北京', '北京市东城区王府井大街88号', '靠近故宫和商业街，适合文化游和购物出行。', 458.00, 4.7, '近地铁,商圈,四星', 116.411450, 39.914860, 32, 1),
('前门胡同民宿', '酒店', '北京', '北京市东城区前门东路18号', '胡同风格住宿，适合体验老北京生活。', 398.00, 4.6, '民宿,胡同,文化', 116.397660, 39.899120, 33, 1),
('珠江新城商务酒店', '酒店', '广州', '广州市天河区华夏路66号', '交通便利，适合城市观光和商务出行。', 368.00, 4.6, '商务,地铁,夜景', 113.323630, 23.120050, 34, 1),
('亚龙湾海景度假酒店', '酒店', '三亚', '三亚市吉阳区亚龙湾路9号', '靠近海滩，适合亲子度假和海景休闲。', 688.00, 4.8, '海景,亲子,五星', 109.638620, 18.227420, 35, 1),
('楼外楼', '美食', '杭州', '杭州市西湖区孤山路30号', '杭州老字号餐厅，推荐西湖醋鱼、东坡肉。', 120.00, 4.5, '杭帮菜,老字号,西湖边', 120.147320, 30.253710, 50, 1),
('知味观湖滨店', '美食', '杭州', '杭州市上城区仁和路83号', '杭州传统小吃与杭帮菜，适合游客打卡。', 55.00, 4.4, '小吃,杭帮菜,湖滨', 120.165790, 30.255990, 51, 1),
('四季民福烤鸭店', '美食', '北京', '北京市东城区南池子大街11号', '北京烤鸭热门餐厅，适合故宫游后用餐。', 150.00, 4.7, '烤鸭,北京菜,热门', 116.397840, 39.914620, 52, 1),
('陶陶居北京路店', '美食', '广州', '广州市越秀区北京路', '经典广式早茶，适合城市美食主题路线。', 90.00, 4.6, '早茶,粤菜,老字号', 113.271320, 23.124250, 53, 1),
('第一市场海鲜广场', '美食', '三亚', '三亚市天涯区新民街', '海鲜加工和夜市美食集中区域。', 120.00, 4.4, '海鲜,夜市,三亚', 109.508480, 18.253620, 54, 1),
('杭州萧山国际机场', '机场', '杭州', '杭州市萧山区空港大道', '杭州主要航空枢纽，可作为抵达和返程点。', 0.00, 4.5, '机场,交通,出发', 120.432360, 30.236170, 70, 1),
('北京首都国际机场', '机场', '北京', '北京市顺义区机场西路', '北京主要航空枢纽之一。', 0.00, 4.5, '机场,交通,出发', 116.603110, 40.079860, 71, 1),
('广州白云国际机场', '机场', '广州', '广州市花都区机场大道', '广州主要航空枢纽。', 0.00, 4.5, '机场,交通,出发', 113.298780, 23.392430, 72, 1),
('三亚凤凰国际机场', '机场', '三亚', '三亚市天涯区凤凰路', '三亚主要航空枢纽，适合海岛旅行抵达。', 0.00, 4.4, '机场,交通,海岛', 109.412270, 18.302890, 73, 1),
('杭州东站', '火车站', '杭州', '杭州市上城区天城路1号', '杭州高铁枢纽，适合华东线路出行。', 0.00, 4.4, '高铁,火车站,交通', 120.212010, 30.291620, 90, 1),
('北京南站', '火车站', '北京', '北京市丰台区永外大街12号', '北京高铁枢纽，适合京沪高铁出行。', 0.00, 4.4, '高铁,火车站,交通', 116.379090, 39.865010, 91, 1),
('广州南站', '火车站', '广州', '广州市番禺区石壁街道', '华南大型高铁枢纽。', 0.00, 4.4, '高铁,火车站,交通', 113.269510, 22.988760, 92, 1),
('三亚站', '火车站', '三亚', '三亚市吉阳区育秀路', '海南环岛铁路重要站点。', 0.00, 4.3, '火车站,交通,环岛铁路', 109.501510, 18.302560, 93, 1);

delete from map_point where sort_no between 100 and 299;

insert into map_point (point_name, point_type, city, address, description, price, score, tags, longitude, latitude, sort_no, status)
values
('外滩', '景点', '上海', '上海市黄浦区中山东一路', '上海经典滨江地标，可远眺陆家嘴天际线，适合夜景摄影。', 0.00, 4.8, '夜景,城市地标,摄影', 121.490317, 31.239701, 100, 1),
('东方明珠广播电视塔', '景点', '上海', '上海市浦东新区世纪大道1号', '上海代表性观光塔，可俯瞰黄浦江两岸风光。', 199.00, 4.6, '观景,地标,亲子', 121.499809, 31.239666, 101, 1),
('豫园', '景点', '上海', '上海市黄浦区福佑路168号', '江南古典园林与城隍庙商圈相邻，适合文化和美食打卡。', 40.00, 4.5, '园林,历史,美食', 121.492150, 31.227240, 102, 1),
('上海迪士尼度假区', '景点', '上海', '上海市浦东新区川沙新镇黄赵路310号', '大型主题乐园，适合亲子、情侣和沉浸式娱乐。', 475.00, 4.7, '亲子,乐园,演出', 121.667917, 31.141263, 103, 1),
('南京路步行街', '景点', '上海', '上海市黄浦区南京东路', '上海传统商业街区，适合购物、夜游和城市漫步。', 0.00, 4.5, '购物,街区,夜游', 121.480650, 31.234880, 104, 1),
('陆家嘴江景酒店', '酒店', '上海', '上海市浦东新区陆家嘴环路', '靠近东方明珠和滨江步道，适合城市夜景住宿。', 728.00, 4.8, '江景,商圈,五星', 121.503680, 31.239940, 105, 1),
('人民广场精选酒店', '酒店', '上海', '上海市黄浦区人民大道', '地铁便利，适合首次到上海的城市观光用户。', 488.00, 4.6, '地铁,市中心,商务', 121.475690, 31.230370, 106, 1),
('迪士尼亲子度假酒店', '酒店', '上海', '上海市浦东新区申迪西路', '靠近迪士尼乐园，适合亲子家庭和两日游。', 698.00, 4.7, '亲子,乐园,度假', 121.657610, 31.143340, 107, 1),
('南翔馒头店', '美食', '上海', '上海市黄浦区豫园路85号', '上海小笼包老字号，适合豫园周边美食打卡。', 65.00, 4.4, '小笼包,老字号,本帮菜', 121.492850, 31.228050, 108, 1),
('小杨生煎黄河路店', '美食', '上海', '上海市黄浦区黄河路', '上海生煎热门门店，适合轻预算小吃路线。', 35.00, 4.3, '生煎,小吃,本地味道', 121.471820, 31.235610, 109, 1),
('老正兴菜馆', '美食', '上海', '上海市黄浦区福州路556号', '本帮菜老字号，适合家庭和文化主题路线。', 130.00, 4.5, '本帮菜,老字号,聚餐', 121.481020, 31.232330, 110, 1),
('上海浦东国际机场', '机场', '上海', '上海市浦东新区迎宾大道6000号', '上海主要国际航空枢纽，适合跨城旅行抵离。', 0.00, 4.5, '机场,交通,国际航班', 121.805214, 31.143378, 111, 1),
('上海虹桥站', '火车站', '上海', '上海市闵行区申贵路1500号', '上海重要高铁枢纽，与虹桥机场联动便捷。', 0.00, 4.5, '高铁,交通,枢纽', 121.320997, 31.194910, 112, 1),
('宽窄巷子', '景点', '成都', '成都市青羊区金河路口宽窄巷子', '成都历史街区，适合慢游、茶馆和川味小吃。', 0.00, 4.5, '街区,美食,慢生活', 104.055100, 30.676370, 120, 1),
('武侯祠', '景点', '成都', '成都市武侯区武侯祠大街231号', '三国文化主题景区，可与锦里一起安排半日游。', 50.00, 4.6, '历史,三国,文化', 104.047170, 30.647000, 121, 1),
('成都大熊猫繁育研究基地', '景点', '成都', '成都市成华区熊猫大道1375号', '成都热门亲子景点，适合上午观赏大熊猫活动。', 55.00, 4.8, '亲子,动物,热门', 104.145600, 30.735050, 122, 1),
('锦里古街', '景点', '成都', '成都市武侯区武侯祠大街231号附1号', '成都夜游和小吃集中街区，适合轻松打卡。', 0.00, 4.4, '夜游,小吃,街区', 104.047840, 30.644970, 123, 1),
('杜甫草堂', '景点', '成都', '成都市青羊区青华路37号', '诗圣故居纪念园林，适合文化和园林主题路线。', 50.00, 4.6, '文化,园林,历史', 104.028900, 30.659960, 124, 1),
('春熙路精选酒店', '酒店', '成都', '成都市锦江区春熙路', '位于核心商圈，适合美食、购物和城市游。', 398.00, 4.6, '商圈,地铁,美食', 104.080950, 30.655890, 125, 1),
('宽窄巷子庭院酒店', '酒店', '成都', '成都市青羊区宽巷子', '院落风格住宿，适合体验成都慢生活。', 468.00, 4.7, '庭院,文化,慢生活', 104.055810, 30.676010, 126, 1),
('熊猫基地亲子酒店', '酒店', '成都', '成都市成华区熊猫大道', '靠近熊猫基地，适合亲子家庭早起游览。', 428.00, 4.6, '亲子,近景区,舒适', 104.146900, 30.732200, 127, 1),
('陈麻婆豆腐骡马市店', '美食', '成都', '成都市青羊区西玉龙街197号', '川菜老字号，推荐麻婆豆腐和经典川味菜。', 85.00, 4.5, '川菜,老字号,麻辣', 104.070350, 30.672690, 128, 1),
('蜀大侠火锅春熙店', '美食', '成都', '成都市锦江区春熙路商圈', '成都热门火锅门店，适合夜间美食安排。', 120.00, 4.6, '火锅,夜宵,麻辣', 104.081320, 30.657140, 129, 1),
('钟水饺人民公园店', '美食', '成都', '成都市青羊区人民公园附近', '成都传统小吃，适合宽窄巷子周边轻食。', 35.00, 4.3, '小吃,本地味道,轻预算', 104.059280, 30.659840, 130, 1),
('成都双流国际机场', '机场', '成都', '成都市双流区机场东一路', '成都主要航空枢纽之一，适合西南方向出行。', 0.00, 4.5, '机场,交通,西南', 103.947086, 30.578508, 131, 1),
('成都东站', '火车站', '成都', '成都市成华区邛崃山路333号', '成都高铁枢纽，适合川渝和西南线路衔接。', 0.00, 4.5, '高铁,火车站,交通', 104.141240, 30.629450, 132, 1),
('秦始皇帝陵博物院', '景点', '西安', '西安市临潼区秦陵北路', '兵马俑核心景区，适合历史文化深度游。', 120.00, 4.8, '历史,博物馆,世界遗产', 109.278493, 34.384480, 140, 1),
('西安城墙', '景点', '西安', '西安市碑林区南大街', '保存完整的古城墙，可骑行环城欣赏城市风光。', 54.00, 4.7, '历史,骑行,城市地标', 108.943750, 34.261060, 141, 1),
('大雁塔', '景点', '西安', '西安市雁塔区雁塔路', '唐代佛塔地标，可结合大唐不夜城夜游。', 40.00, 4.6, '历史,夜游,文化', 108.959470, 34.219370, 142, 1),
('大唐不夜城', '景点', '西安', '西安市雁塔区慈恩路', '西安热门夜游街区，适合灯光秀、演艺和拍照。', 0.00, 4.7, '夜游,演艺,街区', 108.961990, 34.212560, 143, 1),
('回民街', '景点', '西安', '西安市莲湖区北院门', '西安小吃聚集街区，适合美食路线和夜游。', 0.00, 4.4, '美食,街区,夜游', 108.939840, 34.264860, 144, 1),
('钟楼商圈酒店', '酒店', '西安', '西安市碑林区钟楼商圈', '位于西安市中心，适合城墙、回民街、钟鼓楼联游。', 368.00, 4.6, '市中心,地铁,文化', 108.940180, 34.260700, 145, 1),
('大雁塔景观酒店', '酒店', '西安', '西安市雁塔区雁南一路', '靠近大雁塔和大唐不夜城，适合夜游住宿。', 428.00, 4.7, '夜景,近景区,舒适', 108.961230, 34.216480, 146, 1),
('临潼温泉度假酒店', '酒店', '西安', '西安市临潼区华清路', '适合兵马俑、华清宫方向一日游住宿。', 488.00, 4.6, '温泉,度假,近景区', 109.216700, 34.367100, 147, 1),
('老孙家饭庄', '美食', '西安', '西安市碑林区东大街', '西安老字号，推荐羊肉泡馍和本地特色菜。', 90.00, 4.4, '泡馍,老字号,西北菜', 108.950950, 34.261450, 148, 1),
('子午路张记肉夹馍', '美食', '西安', '西安市雁塔区子午路', '肉夹馍热门门店，适合作为轻预算美食点。', 28.00, 4.5, '肉夹馍,小吃,轻预算', 108.940320, 34.220650, 149, 1),
('洒金桥小吃街', '美食', '西安', '西安市莲湖区洒金桥', '本地小吃聚集区，适合早晚餐美食打卡。', 45.00, 4.5, '小吃,夜市,本地味道', 108.932810, 34.271780, 150, 1),
('西安咸阳国际机场', '机场', '西安', '咸阳市渭城区空港大道', '西安主要航空枢纽，适合陕西旅行抵离。', 0.00, 4.5, '机场,交通,西北', 108.751592, 34.447119, 151, 1),
('西安北站', '火车站', '西安', '西安市未央区元朔路', '西安高铁枢纽，连接华北、西北和中原线路。', 0.00, 4.5, '高铁,火车站,交通', 108.946040, 34.381520, 152, 1),
('鼓浪屿', '景点', '厦门', '厦门市思明区鼓浪屿', '海岛人文景区，适合慢游、摄影和音乐文化体验。', 0.00, 4.7, '海岛,摄影,文化', 118.067990, 24.447510, 160, 1),
('厦门大学', '景点', '厦门', '厦门市思明区思明南路422号', '校园与海滨风光结合，可联动南普陀和沙坡尾。', 0.00, 4.5, '校园,海滨,摄影', 118.096870, 24.435970, 161, 1),
('南普陀寺', '景点', '厦门', '厦门市思明区思明南路515号', '闽南名寺，适合文化游和轻徒步。', 0.00, 4.6, '寺庙,文化,徒步', 118.100090, 24.439240, 162, 1),
('曾厝垵', '景点', '厦门', '厦门市思明区环岛南路', '海边文创街区，适合小吃、民宿和夜游。', 0.00, 4.3, '街区,美食,海滨', 118.129600, 24.433020, 163, 1),
('环岛路', '景点', '厦门', '厦门市思明区环岛南路', '厦门经典海滨骑行路线，适合亲子和摄影。', 0.00, 4.6, '骑行,海滨,休闲', 118.142520, 24.438150, 164, 1),
('鼓浪屿海景民宿', '酒店', '厦门', '厦门市思明区鼓浪屿龙头路', '靠近鼓浪屿核心街区，适合海岛慢住。', 468.00, 4.6, '海景,民宿,慢生活', 118.070520, 24.449610, 165, 1),
('中山路精选酒店', '酒店', '厦门', '厦门市思明区中山路', '靠近商业街和轮渡码头，适合首次到厦门。', 358.00, 4.5, '商圈,码头,轻预算', 118.080890, 24.457010, 166, 1),
('环岛路度假酒店', '酒店', '厦门', '厦门市思明区环岛南路', '靠近海边和沙滩，适合亲子度假。', 588.00, 4.7, '海景,亲子,度假', 118.145300, 24.436520, 167, 1),
('黄则和花生汤店', '美食', '厦门', '厦门市思明区中山路', '厦门老字号小吃，推荐花生汤和沙茶面。', 35.00, 4.4, '小吃,老字号,闽南味', 118.080010, 24.456630, 168, 1),
('八市海鲜市场', '美食', '厦门', '厦门市思明区开元路', '厦门本地海鲜市场，适合烟火气美食体验。', 100.00, 4.5, '海鲜,市场,本地味道', 118.077650, 24.462120, 169, 1),
('乌糖沙茶面', '美食', '厦门', '厦门市思明区民族路', '厦门沙茶面热门门店，适合轻预算早餐午餐。', 32.00, 4.4, '沙茶面,小吃,闽南味', 118.083260, 24.449560, 170, 1),
('厦门高崎国际机场', '机场', '厦门', '厦门市湖里区翔云一路', '厦门航空出入口，适合海滨旅行抵离。', 0.00, 4.4, '机场,交通,海滨', 118.127739, 24.544036, 171, 1),
('厦门北站', '火车站', '厦门', '厦门市集美区后溪镇', '厦门主要高铁站，适合福建省内和跨省出行。', 0.00, 4.4, '高铁,火车站,交通', 118.074580, 24.642620, 172, 1),
('象鼻山', '景点', '桂林', '桂林市象山区民主路', '桂林城市山水地标，适合摄影和轻松游览。', 55.00, 4.5, '山水,地标,摄影', 110.296442, 25.273566, 180, 1),
('两江四湖', '景点', '桂林', '桂林市秀峰区杉湖北路', '桂林夜游经典项目，可体验城市水系风光。', 210.00, 4.6, '夜游,游船,山水', 110.290420, 25.281310, 181, 1),
('漓江风景区', '景点', '桂林', '桂林市灵川县漓江景区', '桂林山水核心体验，适合游船和摄影路线。', 210.00, 4.8, '山水,游船,摄影', 110.423580, 25.168730, 182, 1),
('阳朔西街', '景点', '桂林', '桂林市阳朔县西街', '阳朔夜生活和美食街区，适合自由行停留。', 0.00, 4.5, '夜游,街区,美食', 110.496900, 24.778480, 183, 1),
('龙脊梯田', '景点', '桂林', '桂林市龙胜各族自治县龙脊镇', '壮观梯田景观，适合摄影和乡村体验。', 80.00, 4.7, '梯田,摄影,乡村', 110.123790, 25.759310, 184, 1),
('桂林中心江景酒店', '酒店', '桂林', '桂林市秀峰区滨江路', '靠近两江四湖和象鼻山，适合城市山水夜游。', 328.00, 4.6, '江景,市中心,夜游', 110.294600, 25.278180, 185, 1),
('阳朔山景民宿', '酒店', '桂林', '桂林市阳朔县抗战路', '靠近西街和山水骑行路线，适合自由行。', 288.00, 4.5, '民宿,山景,轻预算', 110.497860, 24.777120, 186, 1),
('龙脊梯田观景客栈', '酒店', '桂林', '桂林市龙胜县龙脊镇', '梯田景区内观景住宿，适合摄影日出。', 368.00, 4.6, '观景,摄影,乡村', 110.124870, 25.758420, 187, 1),
('椿记烧鹅中山店', '美食', '桂林', '桂林市象山区中山中路', '桂林热门本地餐厅，适合家庭聚餐。', 90.00, 4.5, '烧鹅,桂菜,本地味道', 110.293680, 25.275620, 188, 1),
('崇善米粉总店', '美食', '桂林', '桂林市秀峰区依仁路', '桂林米粉代表门店，适合早餐和轻预算路线。', 18.00, 4.4, '米粉,小吃,轻预算', 110.290370, 25.281020, 189, 1),
('阳朔啤酒鱼老店', '美食', '桂林', '桂林市阳朔县西街附近', '阳朔特色啤酒鱼，适合晚餐和夜游搭配。', 95.00, 4.4, '啤酒鱼,桂菜,阳朔', 110.496150, 24.779020, 190, 1),
('桂林两江国际机场', '机场', '桂林', '桂林市临桂区两江镇', '桂林主要航空枢纽，适合山水旅行抵离。', 0.00, 4.4, '机场,交通,山水', 110.039197, 25.218106, 191, 1),
('桂林北站', '火车站', '桂林', '桂林市叠彩区站前路', '桂林高铁站之一，适合广西省内和跨省衔接。', 0.00, 4.4, '高铁,火车站,交通', 110.301180, 25.326650, 192, 1),
('洪崖洞', '景点', '重庆', '重庆市渝中区嘉陵江滨江路88号', '重庆热门夜景地标，适合江景摄影和城市夜游。', 0.00, 4.6, '夜景,地标,摄影', 106.579660, 29.562670, 200, 1),
('解放碑步行街', '景点', '重庆', '重庆市渝中区民族路', '重庆核心商圈，可与洪崖洞、八一路美食街串联。', 0.00, 4.5, '商圈,街区,夜游', 106.576310, 29.557890, 201, 1),
('磁器口古镇', '景点', '重庆', '重庆市沙坪坝区磁南街1号', '重庆传统古镇街区，适合小吃和人文打卡。', 0.00, 4.4, '古镇,小吃,文化', 106.451120, 29.581460, 202, 1),
('长江索道', '景点', '重庆', '重庆市渝中区新华路151号', '重庆城市空中交通体验，可俯瞰两江风光。', 30.00, 4.5, '交通体验,江景,摄影', 106.584760, 29.554800, 203, 1),
('李子坝轻轨站', '景点', '重庆', '重庆市渝中区李子坝正街', '轻轨穿楼观景点，适合重庆城市特色打卡。', 0.00, 4.4, '城市特色,摄影,轻轨', 106.533360, 29.552140, 204, 1),
('解放碑江景酒店', '酒店', '重庆', '重庆市渝中区解放碑商圈', '靠近洪崖洞和解放碑，适合夜景城市游。', 398.00, 4.6, '江景,商圈,夜游', 106.577470, 29.558730, 205, 1),
('观音桥精选酒店', '酒店', '重庆', '重庆市江北区观音桥步行街', '靠近商圈和地铁，适合美食购物行程。', 338.00, 4.5, '商圈,地铁,美食', 106.533550, 29.580470, 206, 1),
('南滨路夜景酒店', '酒店', '重庆', '重庆市南岸区南滨路', '可观赏渝中半岛夜景，适合情侣和摄影。', 468.00, 4.7, '夜景,江景,情侣', 106.586500, 29.548290, 207, 1),
('珮姐老火锅', '美食', '重庆', '重庆市渝中区较场口', '重庆热门火锅门店，适合夜间美食路线。', 120.00, 4.6, '火锅,麻辣,夜宵', 106.574260, 29.553460, 208, 1),
('好又来酸辣粉', '美食', '重庆', '重庆市渝中区八一路好吃街', '重庆小吃代表，适合解放碑周边轻食。', 18.00, 4.4, '酸辣粉,小吃,轻预算', 106.576650, 29.555210, 209, 1),
('马房湾66号江湖菜', '美食', '重庆', '重庆市沙坪坝区马房湾', '重庆江湖菜热门门店，适合本地风味体验。', 85.00, 4.5, '江湖菜,川渝味,聚餐', 106.457260, 29.579460, 210, 1),
('重庆江北国际机场', '机场', '重庆', '重庆市渝北区机场路', '重庆主要航空枢纽，适合川渝旅行抵离。', 0.00, 4.5, '机场,交通,西南', 106.641678, 29.718849, 211, 1),
('重庆北站', '火车站', '重庆', '重庆市渝北区昆仑大道', '重庆重要铁路枢纽，连接成渝和西南线路。', 0.00, 4.4, '高铁,火车站,交通', 106.549270, 29.610400, 212, 1);

-- 扩展业务演示数据：多城市景点、酒店、门票、路线闭环
set names utf8mb4;

insert into scenic_spot (scenic_name, city, category, description, price, score, popularity, tags, longitude, latitude)
select point_name, city,
       case
           when tags like '%夜游%' then '城市夜游'
           when tags like '%海岛%' or tags like '%海滨%' then '滨海度假'
           when tags like '%历史%' or tags like '%文化%' then '人文古迹'
           when tags like '%亲子%' then '亲子乐园'
           else '城市地标'
       end,
       description, price, score, 88, tags, longitude, latitude
from map_point mp
where mp.point_type = '景点'
  and mp.sort_no between 100 and 299
  and not exists (select 1 from scenic_spot s where s.scenic_name = mp.point_name and s.city = mp.city);

insert into hotel (hotel_name, city, address, level, description, status)
select point_name, city, address,
       case
           when tags like '%五星%' or tags like '%度假%' then '五星级'
           when tags like '%民宿%' then '精品民宿'
           else '四星级'
       end,
       description, 1
from map_point mp
where mp.point_type = '酒店'
  and mp.sort_no between 100 and 299
  and not exists (select 1 from hotel h where h.hotel_name = mp.point_name and h.city = mp.city);

insert into hotel_room (hotel_id, room_type, price, stock, room_status)
select h.id, '舒适大床房', greatest(268.00, coalesce(mp.price, 398.00)), 10, 'AVAILABLE'
from hotel h
join map_point mp on mp.point_name = h.hotel_name and mp.city = h.city and mp.point_type = '酒店'
where mp.sort_no between 100 and 299
  and not exists (select 1 from hotel_room r where r.hotel_id = h.id and r.room_type = '舒适大床房');

insert into hotel_room (hotel_id, room_type, price, stock, room_status)
select h.id, '景观双床房', greatest(328.00, coalesce(mp.price, 398.00) + 160.00), 6, 'AVAILABLE'
from hotel h
join map_point mp on mp.point_name = h.hotel_name and mp.city = h.city and mp.point_type = '酒店'
where mp.sort_no between 100 and 299
  and not exists (select 1 from hotel_room r where r.hotel_id = h.id and r.room_type = '景观双床房');

insert into ticket (scenic_id, ticket_name, price, stock, available_date)
select s.id, concat(s.scenic_name, '成人票'), greatest(0.00, coalesce(s.price, 0.00)), 120, '2026-06-20'
from scenic_spot s
where s.city in ('上海','成都','西安','厦门','桂林','重庆')
  and not exists (select 1 from ticket t where t.scenic_id = s.id);

insert into travel_route (route_name, city, days, budget, theme, route_desc)
select concat(city, '三日精选游'), city, 3,
       case city
           when '上海' then 1588.00
           when '成都' then 1288.00
           when '西安' then 1388.00
           when '厦门' then 1488.00
           when '桂林' then 1288.00
           when '重庆' then 1188.00
           else 1288.00
       end,
       '城市精华', concat('串联', city, '核心景点、精选酒店和热门门票，适合期末项目完整演示。')
from (select '上海' city union all select '成都' union all select '西安' union all select '厦门' union all select '桂林' union all select '重庆') c
where not exists (select 1 from travel_route r where r.route_name = concat(c.city, '三日精选游'));

insert into travel_route (route_name, city, days, budget, theme, route_desc)
select concat(city, '轻预算周末游'), city, 2,
       case city
           when '上海' then 999.00
           when '成都' then 788.00
           when '西安' then 888.00
           when '厦门' then 968.00
           when '桂林' then 858.00
           when '重庆' then 788.00
           else 888.00
       end,
       '经济实惠', concat('面向轻预算用户，优先选择', city, '免费街区、小吃和交通便利酒店。')
from (select '上海' city union all select '成都' union all select '西安' union all select '厦门' union all select '桂林' union all select '重庆') c
where not exists (select 1 from travel_route r where r.route_name = concat(c.city, '轻预算周末游'));

delete rs from route_spot rs
join travel_route tr on tr.id = rs.route_id
where tr.city in ('上海','成都','西安','厦门','桂林','重庆');

insert into route_spot (route_id, scenic_id, day_no, sort_no)
select tr.id, s.id,
       case when ranked.rn <= 2 then 1 when ranked.rn <= 4 then 2 else 3 end,
       case when ranked.rn in (1,3,5) then 1 else 2 end
from travel_route tr
join (
    select s.*,
           row_number() over (partition by s.city order by s.popularity desc, s.score desc, s.id asc) rn
    from scenic_spot s
    where s.city in ('上海','成都','西安','厦门','桂林','重庆')
) ranked on ranked.city = tr.city and ranked.rn <= case when tr.days = 2 then 4 else 5 end
join scenic_spot s on s.id = ranked.id
where tr.city in ('上海','成都','西安','厦门','桂林','重庆');

