-- ============================================================
--  数据库初始化脚本（init.sql）
--  文件路径：classpath:sql/init.sql
--  作用：初始化旅游管理系统的数据库结构（DDL）和基础演示数据（DML）。
--       适用于项目首次部署或开发环境重置。
--  执行顺序：先创建数据库 -> 创建表 -> 插入基础数据 -> 插入扩展城市数据 -> 业务闭环生成。
-- ============================================================

-- ------------------------------------------------------------
--  数据库创建与选择
-- ------------------------------------------------------------
-- 创建数据库 tourism_system，如果不存在则创建；
-- 默认字符集设为 utf8mb4，支持完整的 Unicode 字符（包括 Emoji 和生僻汉字），
-- 排序规则使用默认 utf8mb4_general_ci，兼顾性能和中文兼容性。
create database if not exists tourism_system default character set utf8mb4;

-- 切换到 tourism_system 数据库，后续所有操作在此数据库上下文中执行。
use tourism_system;

-- ============================================================
--  第一阶段：核心基础表结构设计（DDL）
--  设计原则：
--  1. 统一使用 bigint 自增主键（auto_increment），保证主键单调递增且全局唯一；
--  2. 所有金额字段使用 decimal(10,2)，避免浮点数精度丢失；
--  3. 所有状态字段使用 int 或 varchar 枚举，默认赋予合理初始值；
--  4. 时间戳字段使用 datetime default current_timestamp，自动记录创建时间；
--  5. 外键关系通过业务代码维护，不在数据库层设物理外键，提升写入性能和灵活度。
-- ============================================================

-- ------------------------------------------------------------
--  表：scenic_spot（景点信息表）
--  用途：存储全国各城市的景点/景区基础信息，是系统的核心主数据之一。
--  设计说明：
--  - scenic_name + city 组合可唯一标识一个景点；
--  - longitude/latitude 使用 decimal(10,6) 存储 WGS-84 坐标，精确到约 0.1 米；
--  - score 使用 decimal(3,1) 存储 0.0~5.0 或 0.0~10.0 的评分；
--  - tags 为逗号分隔的标签字符串，便于前端展示和搜索过滤。
-- ------------------------------------------------------------
create table if not exists scenic_spot (
    id bigint primary key auto_increment,               -- 主键，自增唯一标识
    scenic_name varchar(100) not null,                   -- 景点名称，如"西湖风景名胜区"
    city varchar(50) not null,                           -- 所属城市，如"杭州"
    category varchar(50),                                 -- 分类：自然风光、人文古迹、城市地标等
    description text,                                     -- 景点详细描述，支持长文本
    price decimal(10, 2),                                 -- 门票参考价格（元），decimal 避免精度丢失
    score decimal(3, 1),                                  -- 用户评分，如 4.8
    popularity int,                                       -- 热度指数，用于排序和推荐
    tags varchar(255),                                    -- 标签集合，逗号分隔，如"自然,摄影,休闲"
    longitude decimal(10, 6),                             -- 经度，WGS-84 坐标系
    latitude decimal(10, 6)                              -- 纬度，WGS-84 坐标系
);

-- ------------------------------------------------------------
--  表：sys_user（系统用户表）
--  用途：存储注册用户信息，包括普通游客和管理员。
--  设计说明：
--  - username 设为 unique，作为登录账号；
--  - password 存储明文（演示环境），生产环境必须存储 bcrypt/argon2 哈希值；
--  - role 字段区分 USER 和 ADMIN 两种角色；
--  - status 字段控制账号状态：1 正常，0 禁用。
-- ------------------------------------------------------------
create table if not exists sys_user (
    id bigint primary key auto_increment,               -- 主键，自增唯一标识
    username varchar(50) not null unique,              -- 登录用户名，全局唯一约束
    password varchar(100) not null,                    -- 登录密码（演示环境使用明文，生产必须加密）
    phone varchar(20),                                   -- 手机号，用于联系和短信通知
    email varchar(100),                                  -- 电子邮箱
    role varchar(20) default 'USER',                    -- 角色：USER（普通用户）/ ADMIN（管理员）
    status int default 1,                              -- 账号状态：1-正常，0-禁用
    create_time datetime default current_timestamp     -- 注册时间，自动填充当前时间
);

-- ------------------------------------------------------------
--  表：hotel（酒店信息表）
--  用途：存储各城市的酒店/民宿基础信息，与景点形成旅游产品矩阵。
--  设计说明：
--  - level 字段记录酒店星级或类型（如五星级、精品民宿）；
--  - status 字段支持酒店上下架控制，1 为可预订，0 为下架。
-- ------------------------------------------------------------
create table if not exists hotel (
    id bigint primary key auto_increment,               -- 主键，自增唯一标识
    hotel_name varchar(100) not null,                    -- 酒店名称
    city varchar(50) not null,                         -- 所属城市
    address varchar(255),                                -- 详细地址
    level varchar(20),                                   -- 酒店级别：五星级、四星级、精品民宿等
    description text,                                   -- 酒店描述，设施、特色等
    status int default 1                               -- 状态：1-正常营业，0-下架
);

-- ------------------------------------------------------------
--  表：hotel_room（酒店房型表）
--  用途：存储酒店下各房型的库存、价格、状态信息，与 hotel 形成一对多关系。
--  设计说明：
--  - hotel_id 逻辑关联 hotel 表，不建物理外键以保证灵活性；
--  - stock 记录可预订房间数，支持库存控制；
--  - room_status 记录房态：AVAILABLE（可预订）、SOLD_OUT（售罄）、MAINTENANCE（维护中）。
-- ------------------------------------------------------------
create table if not exists hotel_room (
    id bigint primary key auto_increment,               -- 主键，自增唯一标识
    hotel_id bigint not null,                          -- 关联酒店 ID（逻辑外键）
    room_type varchar(50) not null,                    -- 房型名称：标准间、湖景房、套房等
    price decimal(10, 2) not null,                     -- 房型单价（元/晚）
    stock int default 0,                               -- 可预订库存数量
    room_status varchar(20) default 'AVAILABLE'        -- 房态：AVAILABLE / SOLD_OUT / MAINTENANCE
);

-- ------------------------------------------------------------
--  表：ticket（门票信息表）
--  用途：存储各景点的门票产品信息，支持按日期销售。
--  设计说明：
--  - scenic_id 逻辑关联 scenic_spot 表；
--  - available_date 支持指定门票的有效日期，便于未来扩展为预约制门票；
--  - stock 控制每日门票库存，防止超卖。
-- ------------------------------------------------------------
create table if not exists ticket (
    id bigint primary key auto_increment,               -- 主键，自增唯一标识
    scenic_id bigint not null,                         -- 关联景点 ID（逻辑外键）
    ticket_name varchar(100) not null,                 -- 门票名称，如"西湖成人票"
    price decimal(10, 2) not null,                     -- 门票售价（元）
    stock int default 0,                               -- 可售库存数量
    available_date date                                  -- 门票可用日期，支持预约制
);

-- ------------------------------------------------------------
--  表：travel_route（旅游路线表）
--  用途：存储系统推荐的旅游线路/攻略，将多个景点串联成行程。
--  设计说明：
--  - days 字段表示行程天数，如 2 日、3 日；
--  - budget 字段为预算参考金额，帮助用户快速筛选；
--  - theme 字段标记路线主题：城市精华、美食文化、经济实惠等。
-- ------------------------------------------------------------
create table if not exists travel_route (
    id bigint primary key auto_increment,               -- 主键，自增唯一标识
    route_name varchar(100) not null,                  -- 路线名称，如"杭州三日精华游"
    city varchar(50) not null,                         -- 所属城市
    days int not null,                                   -- 行程天数
    budget decimal(10, 2),                              -- 参考预算（元）
    theme varchar(50),                                   -- 主题标签：城市精华、历史文化、经济实惠等
    route_desc text                                      -- 路线详细描述
);

-- ------------------------------------------------------------
--  表：route_spot（路线-景点关联表）
--  用途：实现 travel_route 与 scenic_spot 的多对多关联，
--       同时记录每个景点在路线中的日程安排和排序。
--  设计说明：
--  - route_id 关联 travel_route；
--  - scenic_id 关联 scenic_spot；
--  - day_no 表示该景点安排在第几天；
--  - sort_no 表示在同一天内的游览顺序（升序排列）。
-- ------------------------------------------------------------
create table if not exists route_spot (
    id bigint primary key auto_increment,               -- 主键，自增唯一标识
    route_id bigint not null,                          -- 关联路线 ID（逻辑外键）
    scenic_id bigint not null,                         -- 关联景点 ID（逻辑外键）
    day_no int not null,                                 -- 第几天（1-based）
    sort_no int not null                                 -- 当天内的排序号（升序）
);

-- ------------------------------------------------------------
--  表：hotel_order（酒店订单表）
--  用途：存储用户的酒店预订订单，记录入住/退房日期、金额、状态等。
--  设计说明：
--  - user_id 关联 sys_user，hotel_id 关联 hotel，room_id 关联 hotel_room；
--  - check_in_date / check_out_date 支持跨天预订；
--  - total_amount 为订单总金额，decimal 确保金额精度；
--  - order_status 记录订单生命周期：CREATED（已创建）、PAID（已支付）、CONFIRMED（已确认）、CANCELLED（已取消）等。
-- ------------------------------------------------------------
create table if not exists hotel_order (
    id bigint primary key auto_increment,               -- 主键，自增唯一标识
    user_id bigint not null,                           -- 下单用户 ID（逻辑外键）
    hotel_id bigint not null,                          -- 预订酒店 ID（逻辑外键）
    room_id bigint not null,                           -- 预订房型 ID（逻辑外键）
    check_in_date date not null,                       -- 入住日期
    check_out_date date not null,                      -- 退房日期
    total_amount decimal(10, 2) not null,             -- 订单总金额（元）
    order_status varchar(20) default 'CREATED',      -- 订单状态：CREATED / PAID / CONFIRMED / CANCELLED
    create_time datetime default current_timestamp    -- 订单创建时间
);

-- ------------------------------------------------------------
--  表：ticket_order（门票订单表）
--  用途：存储用户的景点门票购买订单。
--  设计说明：
--  - ticket_id 关联 ticket 表；
--  - visit_date 指定实际参观日期；
--  - quantity 购买数量，total_amount = price * quantity；
--  - 状态流转与 hotel_order 一致，便于统一订单管理。
-- ------------------------------------------------------------
create table if not exists ticket_order (
    id bigint primary key auto_increment,               -- 主键，自增唯一标识
    user_id bigint not null,                           -- 下单用户 ID（逻辑外键）
    ticket_id bigint not null,                         -- 购买门票 ID（逻辑外键）
    visit_date date not null,                          -- 参观日期
    quantity int not null,                               -- 购买数量
    total_amount decimal(10, 2) not null,             -- 订单总金额（元）
    order_status varchar(20) default 'CREATED',      -- 订单状态：CREATED / PAID / CONFIRMED / CANCELLED
    create_time datetime default current_timestamp    -- 订单创建时间
);

-- ------------------------------------------------------------
--  表：user_favorite（用户收藏表）
--  用途：存储用户的收藏记录，支持收藏景点、酒店、路线等多种类型。
--  设计说明：
--  - favorite_type 标记收藏类型：SCENIC（景点）、HOTEL（酒店）、ROUTE（路线）等；
--  - target_id 为被收藏对象的唯一标识，与 favorite_type 组合使用；
--  - 复合唯一索引 uk_user_favorite_target 确保同一用户不会重复收藏同一对象。
-- ------------------------------------------------------------
create table if not exists user_favorite (
    id bigint primary key auto_increment,               -- 主键，自增唯一标识
    user_id bigint not null,                           -- 收藏用户 ID（逻辑外键）
    scenic_id bigint,                                    -- 景点 ID（冗余字段，兼容旧逻辑）
    favorite_type varchar(20) default 'SCENIC',       -- 收藏类型：SCENIC / HOTEL / ROUTE 等
    target_id varchar(100),                             -- 被收藏对象的外部标识
    title varchar(100),                                  -- 收藏标题（快照，避免关联对象改名后显示异常）
    description varchar(255),                          -- 收藏描述
    create_time datetime default current_timestamp,    -- 收藏时间
    unique key uk_user_favorite_target (user_id, favorite_type, target_id) -- 复合唯一约束：防重复收藏
);

-- ------------------------------------------------------------
--  表：order_review（订单评价表）
--  用途：存储用户对酒店订单或门票订单的评价/评分。
--  设计说明：
--  - order_type 区分 HOTEL 和 TICKET 两种订单类型；
--  - order_id 关联对应订单表的 ID；
--  - score 为 1~5 的整数评分；
--  - content 为文本评价内容；
--  - 复合唯一索引防止同一用户对同一订单重复评价。
-- ------------------------------------------------------------
create table if not exists order_review (
    id bigint primary key auto_increment,               -- 主键，自增唯一标识
    user_id bigint not null,                           -- 评价用户 ID（逻辑外键）
    order_type varchar(20) not null,                   -- 订单类型：HOTEL / TICKET
    order_id bigint not null,                          -- 关联订单 ID（逻辑外键）
    score int not null,                                  -- 评分：1~5 星
    content varchar(500) not null,                     -- 评价内容
    create_time datetime default current_timestamp,    -- 评价时间
    unique key uk_order_review_user_order (user_id, order_type, order_id) -- 复合唯一约束：一订单一评价
);

-- ------------------------------------------------------------
--  表：map_point（地图点位表）
--  用途：存储地图上的 POI（Point of Interest）数据，
--       支持景点、酒店、美食、机场、火车站等多种类型，用于地图可视化展示。
--  设计说明：
--  - point_type 标记点位类型：景点、酒店、美食、机场、火车站；
--  - sort_no 用于前端列表排序，值越小越靠前；
--  - status 控制点位是否在前端展示。
-- ------------------------------------------------------------
create table if not exists map_point (
    id bigint primary key auto_increment,               -- 主键，自增唯一标识
    point_name varchar(100) not null,                  -- 点位名称
    point_type varchar(30) not null,                 -- 点位类型：景点、酒店、美食、机场、火车站
    city varchar(50) not null,                         -- 所属城市
    address varchar(255),                                -- 详细地址
    description varchar(500),                            -- 点位描述
    price decimal(10, 2),                                 -- 参考价格（元）
    score decimal(3, 1),                                  -- 用户评分
    tags varchar(255),                                    -- 标签集合
    longitude decimal(10, 6),                             -- 经度
    latitude decimal(10, 6),                              -- 纬度
    sort_no int default 0,                              -- 排序号，值越小越靠前
    status int default 1                               -- 展示状态：1-展示，0-隐藏
);

-- ============================================================
--  第二阶段：基础演示数据插入（DML）——杭州、北京、广州、三亚 4 城
--  说明：本批次为系统最小可运行数据集，涵盖景点、用户、酒店、房型、门票、
--       路线、路线-景点关联、地图点位等，确保系统启动后前端即有内容展示。
-- ============================================================

-- ------------------------------------------------------------
--  插入：景点基础数据（scenic_spot）
--  城市：杭州、北京、广州、三亚
--  说明：每个城市选取 2 个代表性景点，覆盖自然风光、人文古迹、城市地标、滨海度假等类型。
-- ------------------------------------------------------------
insert into scenic_spot (scenic_name, city, category, description, price, score, popularity, tags, longitude, latitude)
values
('西湖风景名胜区', '杭州', '自然风光', '杭州标志性湖景景区，适合骑行、摄影和夜游。', 60.00, 4.8, 96, '自然,摄影,休闲', 120.148872, 30.239759),
('灵隐寺', '杭州', '人文古迹', '历史悠久的佛教寺院，可结合飞来峰和山林步道游览。', 75.00, 4.7, 92, '文化,历史,寺庙', 120.100935, 30.240826),
('故宫博物院', '北京', '人文古迹', '明清皇家宫殿建筑群，适合历史文化深度游。', 60.00, 4.9, 99, '历史,文化,建筑', 116.397026, 39.918058),
('天坛公园', '北京', '人文古迹', '古代祭天建筑群，适合摄影、慢行和文化讲解。', 35.00, 4.7, 91, '文化,摄影,公园', 116.410829, 39.881913),
('广州塔', '广州', '城市地标', '广州城市天际线代表，可俯瞰珠江夜景。', 150.00, 4.6, 94, '夜景,地标,摄影', 113.324520, 23.106680),
('永庆坊', '广州', '城市街区', '岭南文化街区，适合美食、非遗和城市漫步。', 0.00, 4.5, 88, '美食,文化,街区', 113.257774, 23.117902),
('亚龙湾', '三亚', '滨海度假', '三亚经典海湾，适合海滩、亲子和度假。', 0.00, 4.7, 95, '海滩,亲子,度假', 109.639950, 18.224518),
('蜈支洲岛', '三亚', '海岛景区', '热门海岛景区，适合潜水、海上项目和拍照。', 136.00, 4.6, 93, '海岛,潜水,摄影', 109.760764, 18.311911);

-- ------------------------------------------------------------
--  插入：系统用户（sys_user）
--  说明：提供 2 个默认账号，admin 用于管理后台，demo 用于普通用户功能演示。
--  注意：密码为明文（admin123 / demo123），仅用于开发演示，生产环境必须加密存储。
-- ------------------------------------------------------------
insert into sys_user (username, password, phone, email, role)
values
('admin', 'admin123', '13800000000', 'admin@tourism.com', 'ADMIN'),
('demo', 'demo123', '13900000000', 'demo@tourism.com', 'USER');

-- ------------------------------------------------------------
--  插入：酒店基础数据（hotel）
--  城市：杭州、北京、广州、三亚
--  说明：每个城市 2 家酒店，覆盖四星级、五星级、精品民宿等多种级别，
--       与上面的景点数据形成同一城市的旅游产品组合。
-- ------------------------------------------------------------
insert into hotel (hotel_name, city, address, level, description, status)
values
('西湖湖畔酒店', '杭州', '湖滨路 1 号', '四星级', '靠近西湖核心景区，适合湖景休闲入住。', 1),
('灵隐山居度假酒店', '杭州', '灵隐路 88 号', '五星级', '安静山景酒店，适合亲子和度假出行。', 1),
('王府井精选酒店', '北京', '王府井大街 88 号', '四星级', '靠近故宫和商业街，适合文化游和购物出行。', 1),
('前门胡同民宿', '北京', '前门东路 18 号', '精品民宿', '胡同风格住宿，适合体验老北京生活。', 1),
('珠江新城商务酒店', '广州', '珠江新城华夏路 66 号', '四星级', '交通便利，适合城市观光和商务出行。', 1),
('永庆坊岭南客栈', '广州', '恩宁路 120 号', '精品客栈', '靠近老城街区，适合美食和文化体验。', 1),
('亚龙湾海景度假酒店', '三亚', '亚龙湾路 9 号', '五星级', '靠近海滩，适合亲子度假和海景休闲。', 1),
('三亚湾轻奢酒店', '三亚', '三亚湾路 168 号', '四星级', '性价比较高，适合轻预算海滨出行。', 1);

-- ------------------------------------------------------------
--  插入：酒店房型数据（hotel_room）
--  说明：为每家酒店配置 2 种房型，覆盖标准房和特色房，设定不同价格和库存，
--       用于演示酒店预订时的房型选择和库存校验逻辑。
-- ------------------------------------------------------------
insert into hotel_room (hotel_id, room_type, price, stock, room_status)
values
(1, '标准间', 368.00, 12, 'AVAILABLE'),
(1, '湖景房', 568.00, 5, 'AVAILABLE'),
(2, '庭院房', 428.00, 8, 'AVAILABLE'),
(2, '套房', 888.00, 2, 'AVAILABLE'),
(3, '舒适大床房', 458.00, 10, 'AVAILABLE'),
(3, '家庭双床房', 688.00, 6, 'AVAILABLE'),
(4, '胡同景观房', 398.00, 8, 'AVAILABLE'),
(4, '院落套房', 598.00, 4, 'AVAILABLE'),
(5, '商务大床房', 368.00, 12, 'AVAILABLE'),
(5, '珠江夜景房', 568.00, 5, 'AVAILABLE'),
(6, '岭南雅致房', 328.00, 9, 'AVAILABLE'),
(6, '老城阳台房', 498.00, 4, 'AVAILABLE'),
(7, '海景大床房', 688.00, 8, 'AVAILABLE'),
(7, '亲子套房', 988.00, 3, 'AVAILABLE'),
(8, '舒适双床房', 388.00, 12, 'AVAILABLE'),
(8, '海湾景观房', 588.00, 5, 'AVAILABLE');

-- ------------------------------------------------------------
--  插入：门票数据（ticket）
--  说明：为前 8 个景点各配置一张成人门票，设置库存和可用日期，
--       用于演示门票查询、购买、库存扣减等流程。
-- ------------------------------------------------------------
insert into ticket (scenic_id, ticket_name, price, stock, available_date)
values
(1, '西湖成人票', 60.00, 120, '2026-06-10'),
(2, '灵隐寺成人票', 75.00, 80, '2026-06-10'),
(3, '故宫预约票', 60.00, 100, '2026-06-10'),
(4, '天坛联票', 35.00, 100, '2026-06-10'),
(5, '广州塔观光票', 150.00, 90, '2026-06-10'),
(6, '永庆坊文化体验票', 30.00, 100, '2026-06-10'),
(7, '亚龙湾海滩项目票', 80.00, 100, '2026-06-10'),
(8, '蜈支洲岛门船票', 136.00, 80, '2026-06-10');

-- ------------------------------------------------------------
--  插入：旅游路线数据（travel_route）
--  说明：为 4 个基础城市各配置 2 条路线（精华游 + 轻预算周末游），
--       涵盖不同天数、预算和主题，满足演示时多样化的路线推荐需求。
-- ------------------------------------------------------------
insert into travel_route (route_name, city, days, budget, theme, route_desc)
values
('杭州三日精华游', '杭州', 3, 1288.00, '城市精华', '覆盖西湖、灵隐寺和本地美食的经典杭州路线。'),
('杭州轻预算周末游', '杭州', 2, 888.00, '经济实惠', '适合周末短途出行的高性价比路线。'),
('北京文化深度游', '北京', 3, 1588.00, '历史文化', '串联故宫、天坛和胡同街区，适合文化主题旅行。'),
('北京轻松周末游', '北京', 2, 999.00, '城市漫步', '适合周末短途，兼顾地标景点和老城体验。'),
('广州美食城市游', '广州', 3, 1188.00, '美食文化', '结合广州塔、永庆坊和粤式美食的城市路线。'),
('广州周末轻游', '广州', 2, 788.00, '经济实惠', '适合轻预算用户体验老城街区和珠江夜景。'),
('三亚滨海度假游', '三亚', 4, 2288.00, '滨海度假', '覆盖亚龙湾、蜈支洲岛和海鲜市集的度假路线。'),
('三亚轻预算海边游', '三亚', 3, 1388.00, '亲子休闲', '适合轻预算海滨出行，节奏放松。');

-- ------------------------------------------------------------
--  插入：路线-景点关联数据（route_spot）
--  说明：将路线与景点关联起来，指定每天游览的景点和顺序，
--       构建完整的行程日程安排，用于路线详情页的每日展示。
-- ------------------------------------------------------------
insert into route_spot (route_id, scenic_id, day_no, sort_no)
values
(1, 1, 1, 1),  -- 杭州三日精华游：第1天 西湖
(1, 2, 2, 1),  -- 杭州三日精华游：第2天 灵隐寺
(2, 1, 1, 1),  -- 杭州轻预算周末游：第1天 西湖
(3, 3, 1, 1),  -- 北京文化深度游：第1天 故宫
(3, 4, 2, 1),  -- 北京文化深度游：第2天 天坛
(4, 3, 1, 1),  -- 北京轻松周末游：第1天 故宫
(4, 4, 2, 1),  -- 北京轻松周末游：第2天 天坛
(5, 5, 1, 1),  -- 广州美食城市游：第1天 广州塔
(5, 6, 2, 1),  -- 广州美食城市游：第2天 永庆坊
(6, 6, 1, 1),  -- 广州周末轻游：第1天 永庆坊
(6, 5, 2, 1),  -- 广州周末轻游：第2天 广州塔
(7, 7, 1, 1),  -- 三亚滨海度假游：第1天 亚龙湾
(7, 8, 2, 1),  -- 三亚滨海度假游：第2天 蜈支洲岛
(8, 7, 1, 1),  -- 三亚轻预算海边游：第1天 亚龙湾
(8, 8, 2, 1);  -- 三亚轻预算海边游：第2天 蜈支洲岛

-- ------------------------------------------------------------
--  插入：地图点位数据（map_point）——基础城市
--  说明：插入杭州、北京、广州、三亚的景点、酒店、美食、机场、火车站等 POI 数据，
--       包含精确的 WGS-84 坐标和分类标签，用于地图组件的打点展示和周边搜索。
-- ------------------------------------------------------------
insert into map_point (point_name, point_type, city, address, description, price, score, tags, longitude, latitude, sort_no, status)
values
-- 杭州景点
('西湖风景名胜区', '景点', '杭州', '杭州市西湖区龙井路1号', '杭州标志性湖景景区，适合骑行、摄影和夜游。', 60.00, 4.8, '自然,摄影,休闲', 120.148872, 30.239759, 10, 1),
('灵隐寺', '景点', '杭州', '杭州市西湖区灵隐路法云弄1号', '历史悠久的佛教寺院，可结合飞来峰和山林步道游览。', 75.00, 4.7, '文化,历史,寺庙', 120.100935, 30.240826, 11, 1),
-- 北京景点
('故宫博物院', '景点', '北京', '北京市东城区景山前街4号', '明清皇家宫殿建筑群，适合历史文化深度游。', 60.00, 4.9, '历史,文化,建筑', 116.397026, 39.918058, 12, 1),
('天坛公园', '景点', '北京', '北京市东城区天坛东里甲1号', '古代祭天建筑群，适合摄影、慢行和文化讲解。', 35.00, 4.7, '文化,摄影,公园', 116.410829, 39.881913, 13, 1),
-- 广州景点
('广州塔', '景点', '广州', '广州市海珠区阅江西路222号', '广州城市天际线代表，可俯瞰珠江夜景。', 150.00, 4.6, '夜景,地标,摄影', 113.324520, 23.106680, 14, 1),
('永庆坊', '景点', '广州', '广州市荔湾区恩宁路99号', '岭南文化街区，适合美食、非遗和城市漫步。', 0.00, 4.5, '美食,文化,街区', 113.257774, 23.117902, 15, 1),
-- 三亚景点
('亚龙湾', '景点', '三亚', '三亚市吉阳区亚龙湾国家旅游度假区', '三亚经典海湾，适合海滩、亲子和度假。', 0.00, 4.7, '海滩,亲子,度假', 109.639950, 18.224518, 16, 1),
('蜈支洲岛', '景点', '三亚', '三亚市海棠区蜈支洲岛', '热门海岛景区，适合潜水、海上项目和拍照。', 136.00, 4.6, '海岛,潜水,摄影', 109.760764, 18.311911, 17, 1),
-- 杭州酒店
('西湖湖畔酒店', '酒店', '杭州', '杭州市上城区湖滨路1号', '靠近西湖核心景区，适合湖景休闲入住。', 368.00, 4.8, '湖景,近景区,四星', 120.161420, 30.254780, 30, 1),
('灵隐山居度假酒店', '酒店', '杭州', '杭州市西湖区灵隐路88号', '安静山景酒店，适合亲子和度假出行。', 428.00, 4.7, '山景,亲子,度假', 120.104450, 30.244220, 31, 1),
-- 北京酒店
('王府井精选酒店', '酒店', '北京', '北京市东城区王府井大街88号', '靠近故宫和商业街，适合文化游和购物出行。', 458.00, 4.7, '近地铁,商圈,四星', 116.411450, 39.914860, 32, 1),
('前门胡同民宿', '酒店', '北京', '北京市东城区前门东路18号', '胡同风格住宿，适合体验老北京生活。', 398.00, 4.6, '民宿,胡同,文化', 116.397660, 39.899120, 33, 1),
-- 广州酒店
('珠江新城商务酒店', '酒店', '广州', '广州市天河区华夏路66号', '交通便利，适合城市观光和商务出行。', 368.00, 4.6, '商务,地铁,夜景', 113.323630, 23.120050, 34, 1),
('永庆坊岭南客栈', '酒店', '广州', '广州市荔湾区恩宁路120号', '靠近老城街区，适合美食和文化体验。', 328.00, 4.5, '客栈,老城,文化', 113.257774, 23.117902, 35, 1),
-- 三亚酒店
('亚龙湾海景度假酒店', '酒店', '三亚', '三亚市吉阳区亚龙湾路9号', '靠近海滩，适合亲子度假和海景休闲。', 688.00, 4.8, '海景,亲子,五星', 109.638620, 18.227420, 35, 1),
('三亚湾轻奢酒店', '酒店', '三亚', '三亚市天涯区三亚湾路168号', '性价比较高，适合轻预算海滨出行。', 388.00, 4.5, '海景,轻预算,四星', 109.512340, 18.252340, 36, 1),
-- 杭州美食
('楼外楼', '美食', '杭州', '杭州市西湖区孤山路30号', '杭州老字号餐厅，推荐西湖醋鱼、东坡肉。', 120.00, 4.5, '杭帮菜,老字号,西湖边', 120.147320, 30.253710, 50, 1),
('知味观湖滨店', '美食', '杭州', '杭州市上城区仁和路83号', '杭州传统小吃与杭帮菜，适合游客打卡。', 55.00, 4.4, '小吃,杭帮菜,湖滨', 120.165790, 30.255990, 51, 1),
-- 北京美食
('四季民福烤鸭店', '美食', '北京', '北京市东城区南池子大街11号', '北京烤鸭热门餐厅，适合故宫游后用餐。', 150.00, 4.7, '烤鸭,北京菜,热门', 116.397840, 39.914620, 52, 1),
-- 广州美食
('陶陶居北京路店', '美食', '广州', '广州市越秀区北京路', '经典广式早茶，适合城市美食主题路线。', 90.00, 4.6, '早茶,粤菜,老字号', 113.271320, 23.124250, 53, 1),
-- 三亚美食
('第一市场海鲜广场', '美食', '三亚', '三亚市天涯区新民街', '海鲜加工和夜市美食集中区域。', 120.00, 4.4, '海鲜,夜市,三亚', 109.508480, 18.253620, 54, 1),
-- 杭州机场
('杭州萧山国际机场', '机场', '杭州', '杭州市萧山区空港大道', '杭州主要航空枢纽，可作为抵达和返程点。', 0.00, 4.5, '机场,交通,出发', 120.432360, 30.236170, 70, 1),
-- 北京机场
('北京首都国际机场', '机场', '北京', '北京市顺义区机场西路', '北京主要航空枢纽之一。', 0.00, 4.5, '机场,交通,出发', 116.603110, 40.079860, 71, 1),
-- 广州机场
('广州白云国际机场', '机场', '广州', '广州市花都区机场大道', '广州主要航空枢纽。', 0.00, 4.5, '机场,交通,出发', 113.298780, 23.392430, 72, 1),
-- 三亚机场
('三亚凤凰国际机场', '机场', '三亚', '三亚市天涯区凤凰路', '三亚主要航空枢纽，适合海岛旅行抵达。', 0.00, 4.4, '机场,交通,海岛', 109.412270, 18.302890, 73, 1),
-- 杭州火车站
('杭州东站', '火车站', '杭州', '杭州市上城区天城路1号', '杭州高铁枢纽，适合华东线路出行。', 0.00, 4.4, '高铁,火车站,交通', 120.212010, 30.291620, 90, 1),
-- 北京火车站
('北京南站', '火车站', '北京', '北京市丰台区永外大街12号', '北京高铁枢纽，适合京沪高铁出行。', 0.00, 4.4, '高铁,火车站,交通', 116.379090, 39.865010, 91, 1),
-- 广州火车站
('广州南站', '火车站', '广州', '广州市番禺区石壁街道', '华南大型高铁枢纽。', 0.00, 4.4, '高铁,火车站,交通', 113.269510, 22.988760, 92, 1),
-- 三亚火车站
('三亚站', '火车站', '三亚', '三亚市吉阳区育秀路', '海南环岛铁路重要站点。', 0.00, 4.3, '火车站,交通,环岛铁路', 109.501510, 18.302560, 93, 1);

-- ============================================================
--  第三阶段：扩展城市地图点位数据（上海、成都、西安、厦门、桂林、重庆）
--  说明：为支持期末项目的完整演示效果，增加 6 个热门旅游城市的地图 POI 数据，
--       每城覆盖景点、酒店、美食、机场、火车站等全品类，
--       并统一按 sort_no 在 100~299 区间编号，便于后续业务闭环生成脚本识别。
-- ============================================================

-- 先清理可能存在的旧数据，确保扩展数据可重复执行（幂等性）。
delete from map_point where sort_no between 100 and 299;

insert into map_point (point_name, point_type, city, address, description, price, score, tags, longitude, latitude, sort_no, status)
values
-- 上海景点
('外滩', '景点', '上海', '上海市黄浦区中山东一路', '上海经典滨江地标，可远眺陆家嘴天际线，适合夜景摄影。', 0.00, 4.8, '夜景,城市地标,摄影', 121.490317, 31.239701, 100, 1),
('东方明珠广播电视塔', '景点', '上海', '上海市浦东新区世纪大道1号', '上海代表性观光塔，可俯瞰黄浦江两岸风光。', 199.00, 4.6, '观景,地标,亲子', 121.499809, 31.239666, 101, 1),
('豫园', '景点', '上海', '上海市黄浦区福佑路168号', '江南古典园林与城隍庙商圈相邻，适合文化和美食打卡。', 40.00, 4.5, '园林,历史,美食', 121.492150, 31.227240, 102, 1),
('上海迪士尼度假区', '景点', '上海', '上海市浦东新区川沙新镇黄赵路310号', '大型主题乐园，适合亲子、情侣和沉浸式娱乐。', 475.00, 4.7, '亲子,乐园,演出', 121.667917, 31.141263, 103, 1),
('南京路步行街', '景点', '上海', '上海市黄浦区南京东路', '上海传统商业街区，适合购物、夜游和城市漫步。', 0.00, 4.5, '购物,街区,夜游', 121.480650, 31.234880, 104, 1),
-- 上海酒店
('陆家嘴江景酒店', '酒店', '上海', '上海市浦东新区陆家嘴环路', '靠近东方明珠和滨江步道，适合城市夜景住宿。', 728.00, 4.8, '江景,商圈,五星', 121.503680, 31.239940, 105, 1),
('人民广场精选酒店', '酒店', '上海', '上海市黄浦区人民大道', '地铁便利，适合首次到上海的城市观光用户。', 488.00, 4.6, '地铁,市中心,商务', 121.475690, 31.230370, 106, 1),
('迪士尼亲子度假酒店', '酒店', '上海', '上海市浦东新区申迪西路', '靠近迪士尼乐园，适合亲子家庭和两日游。', 698.00, 4.7, '亲子,乐园,度假', 121.657610, 31.143340, 107, 1),
-- 上海美食
('南翔馒头店', '美食', '上海', '上海市黄浦区豫园路85号', '上海小笼包老字号，适合豫园周边美食打卡。', 65.00, 4.4, '小笼包,老字号,本帮菜', 121.492850, 31.228050, 108, 1),
('小杨生煎黄河路店', '美食', '上海', '上海市黄浦区黄河路', '上海生煎热门门店，适合轻预算小吃路线。', 35.00, 4.3, '生煎,小吃,本地味道', 121.471820, 31.235610, 109, 1),
('老正兴菜馆', '美食', '上海', '上海市黄浦区福州路556号', '本帮菜老字号，适合家庭和文化主题路线。', 130.00, 4.5, '本帮菜,老字号,聚餐', 121.481020, 31.232330, 110, 1),
-- 上海交通
('上海浦东国际机场', '机场', '上海', '上海市浦东新区迎宾大道6000号', '上海主要国际航空枢纽，适合跨城旅行抵离。', 0.00, 4.5, '机场,交通,国际航班', 121.805214, 31.143378, 111, 1),
('上海虹桥站', '火车站', '上海', '上海市闵行区申贵路1500号', '上海重要高铁枢纽，与虹桥机场联动便捷。', 0.00, 4.5, '高铁,交通,枢纽', 121.320997, 31.194910, 112, 1),
-- 成都景点
('宽窄巷子', '景点', '成都', '成都市青羊区金河路口宽窄巷子', '成都历史街区，适合慢游、茶馆和川味小吃。', 0.00, 4.5, '街区,美食,慢生活', 104.055100, 30.676370, 120, 1),
('武侯祠', '景点', '成都', '成都市武侯区武侯祠大街231号', '三国文化主题景区，可与锦里一起安排半日游。', 50.00, 4.6, '历史,三国,文化', 104.047170, 30.647000, 121, 1),
('成都大熊猫繁育研究基地', '景点', '成都', '成都市成华区熊猫大道1375号', '成都热门亲子景点，适合上午观赏大熊猫活动。', 55.00, 4.8, '亲子,动物,热门', 104.145600, 30.735050, 122, 1),
('锦里古街', '景点', '成都', '成都市武侯区武侯祠大街231号附1号', '成都夜游和小吃集中街区，适合轻松打卡。', 0.00, 4.4, '夜游,小吃,街区', 104.047840, 30.644970, 123, 1),
('杜甫草堂', '景点', '成都', '成都市青羊区青华路37号', '诗圣故居纪念园林，适合文化和园林主题路线。', 50.00, 4.6, '文化,园林,历史', 104.028900, 30.659960, 124, 1),
-- 成都酒店
('春熙路精选酒店', '酒店', '成都', '成都市锦江区春熙路', '位于核心商圈，适合美食、购物和城市游。', 398.00, 4.6, '商圈,地铁,美食', 104.080950, 30.655890, 125, 1),
('宽窄巷子庭院酒店', '酒店', '成都', '成都市青羊区宽巷子', '院落风格住宿，适合体验成都慢生活。', 468.00, 4.7, '庭院,文化,慢生活', 104.055810, 30.676010, 126, 1),
('熊猫基地亲子酒店', '酒店', '成都', '成都市成华区熊猫大道', '靠近熊猫基地，适合亲子家庭早起游览。', 428.00, 4.6, '亲子,近景区,舒适', 104.146900, 30.732200, 127, 1),
-- 成都美食
('陈麻婆豆腐骡马市店', '美食', '成都', '成都市青羊区西玉龙街197号', '川菜老字号，推荐麻婆豆腐和经典川味菜。', 85.00, 4.5, '川菜,老字号,麻辣', 104.070350, 30.672690, 128, 1),
('蜀大侠火锅春熙店', '美食', '成都', '成都市锦江区春熙路商圈', '成都热门火锅门店，适合夜间美食安排。', 120.00, 4.6, '火锅,夜宵,麻辣', 104.081320, 30.657140, 129, 1),
('钟水饺人民公园店', '美食', '成都', '成都市青羊区人民公园附近', '成都传统小吃，适合宽窄巷子周边轻食。', 35.00, 4.3, '小吃,本地味道,轻预算', 104.059280, 30.659840, 130, 1),
-- 成都交通
('成都双流国际机场', '机场', '成都', '成都市双流区机场东一路', '成都主要航空枢纽之一，适合西南方向出行。', 0.00, 4.5, '机场,交通,西南', 103.947086, 30.578508, 131, 1),
('成都东站', '火车站', '成都', '成都市成华区邛崃山路333号', '成都高铁枢纽，适合川渝和西南线路衔接。', 0.00, 4.5, '高铁,火车站,交通', 104.141240, 30.629450, 132, 1),
-- 西安景点
('秦始皇帝陵博物院', '景点', '西安', '西安市临潼区秦陵北路', '兵马俑核心景区，适合历史文化深度游。', 120.00, 4.8, '历史,博物馆,世界遗产', 109.278493, 34.384480, 140, 1),
('西安城墙', '景点', '西安', '西安市碑林区南大街', '保存完整的古城墙，可骑行环城欣赏城市风光。', 54.00, 4.7, '历史,骑行,城市地标', 108.943750, 34.261060, 141, 1),
('大雁塔', '景点', '西安', '西安市雁塔区雁塔路', '唐代佛塔地标，可结合大唐不夜城夜游。', 40.00, 4.6, '历史,夜游,文化', 108.959470, 34.219370, 142, 1),
('大唐不夜城', '景点', '西安', '西安市雁塔区慈恩路', '西安热门夜游街区，适合灯光秀、演艺和拍照。', 0.00, 4.7, '夜游,演艺,街区', 108.961990, 34.212560, 143, 1),
('回民街', '景点', '西安', '西安市莲湖区北院门', '西安小吃聚集街区，适合美食路线和夜游。', 0.00, 4.4, '美食,街区,夜游', 108.939840, 34.264860, 144, 1),
-- 西安酒店
('钟楼商圈酒店', '酒店', '西安', '西安市碑林区钟楼商圈', '位于西安市中心，适合城墙、回民街、钟鼓楼联游。', 368.00, 4.6, '市中心,地铁,文化', 108.940180, 34.260700, 145, 1),
('大雁塔景观酒店', '酒店', '西安', '西安市雁塔区雁南一路', '靠近大雁塔和大唐不夜城，适合夜游住宿。', 428.00, 4.7, '夜景,近景区,舒适', 108.961230, 34.216480, 146, 1),
('临潼温泉度假酒店', '酒店', '西安', '西安市临潼区华清路', '适合兵马俑、华清宫方向一日游住宿。', 488.00, 4.6, '温泉,度假,近景区', 109.216700, 34.367100, 147, 1),
-- 西安美食
('老孙家饭庄', '美食', '西安', '西安市碑林区东大街', '西安老字号，推荐羊肉泡馍和本地特色菜。', 90.00, 4.4, '泡馍,老字号,西北菜', 108.950950, 34.261450, 148, 1),
('子午路张记肉夹馍', '美食', '西安', '西安市雁塔区子午路', '肉夹馍热门门店，适合作为轻预算美食点。', 28.00, 4.5, '肉夹馍,小吃,轻预算', 108.940320, 34.220650, 149, 1),
('洒金桥小吃街', '美食', '西安', '西安市莲湖区洒金桥', '本地小吃聚集区，适合早晚餐美食打卡。', 45.00, 4.5, '小吃,夜市,本地味道', 108.932810, 34.271780, 150, 1),
-- 西安交通
('西安咸阳国际机场', '机场', '西安', '咸阳市渭城区空港大道', '西安主要航空枢纽，适合陕西旅行抵离。', 0.00, 4.5, '机场,交通,西北', 108.751592, 34.447119, 151, 1),
('西安北站', '火车站', '西安', '西安市未央区元朔路', '西安高铁枢纽，连接华北、西北和中原线路。', 0.00, 4.5, '高铁,火车站,交通', 108.946040, 34.381520, 152, 1),
-- 厦门景点
('鼓浪屿', '景点', '厦门', '厦门市思明区鼓浪屿', '海岛人文景区，适合慢游、摄影和音乐文化体验。', 0.00, 4.7, '海岛,摄影,文化', 118.067990, 24.447510, 160, 1),
('厦门大学', '景点', '厦门', '厦门市思明区思明南路422号', '校园与海滨风光结合，可联动南普陀和沙坡尾。', 0.00, 4.5, '校园,海滨,摄影', 118.096870, 24.435970, 161, 1),
('南普陀寺', '景点', '厦门', '厦门市思明区思明南路515号', '闽南名寺，适合文化游和轻徒步。', 0.00, 4.6, '寺庙,文化,徒步', 118.100090, 24.439240, 162, 1),
('曾厝垵', '景点', '厦门', '厦门市思明区环岛南路', '海边文创街区，适合小吃、民宿和夜游。', 0.00, 4.3, '街区,美食,海滨', 118.129600, 24.433020, 163, 1),
('环岛路', '景点', '厦门', '厦门市思明区环岛南路', '厦门经典海滨骑行路线，适合亲子和摄影。', 0.00, 4.6, '骑行,海滨,休闲', 118.142520, 24.438150, 164, 1),
-- 厦门酒店
('鼓浪屿海景民宿', '酒店', '厦门', '厦门市思明区鼓浪屿龙头路', '靠近鼓浪屿核心街区，适合海岛慢住。', 468.00, 4.6, '海景,民宿,慢生活', 118.070520, 24.449610, 165, 1),
('中山路精选酒店', '酒店', '厦门', '厦门市思明区中山路', '靠近商业街和轮渡码头，适合首次到厦门。', 358.00, 4.5, '商圈,码头,轻预算', 118.080890, 24.457010, 166, 1),
('环岛路度假酒店', '酒店', '厦门', '厦门市思明区环岛南路', '靠近海边和沙滩，适合亲子度假。', 588.00, 4.7, '海景,亲子,度假', 118.145300, 24.436520, 167, 1),
-- 厦门美食
('黄则和花生汤店', '美食', '厦门', '厦门市思明区中山路', '厦门老字号小吃，推荐花生汤和沙茶面。', 35.00, 4.4, '小吃,老字号,闽南味', 118.080010, 24.456630, 168, 1),
('八市海鲜市场', '美食', '厦门', '厦门市思明区开元路', '厦门本地海鲜市场，适合烟火气美食体验。', 100.00, 4.5, '海鲜,市场,本地味道', 118.077650, 24.462120, 169, 1),
('乌糖沙茶面', '美食', '厦门', '厦门市思明区民族路', '厦门沙茶面热门门店，适合轻预算早餐午餐。', 32.00, 4.4, '沙茶面,小吃,闽南味', 118.083260, 24.449560, 170, 1),
-- 厦门交通
('厦门高崎国际机场', '机场', '厦门', '厦门市湖里区翔云一路', '厦门航空出入口，适合海滨旅行抵离。', 0.00, 4.4, '机场,交通,海滨', 118.127739, 24.544036, 171, 1),
('厦门北站', '火车站', '厦门', '厦门市集美区后溪镇', '厦门主要高铁站，适合福建省内和跨省出行。', 0.00, 4.4, '高铁,火车站,交通', 118.074580, 24.642620, 172, 1),
-- 桂林景点
('象鼻山', '景点', '桂林', '桂林市象山区民主路', '桂林城市山水地标，适合摄影和轻松游览。', 55.00, 4.5, '山水,地标,摄影', 110.296442, 25.273566, 180, 1),
('两江四湖', '景点', '桂林', '桂林市秀峰区杉湖北路', '桂林夜游经典项目，可体验城市水系风光。', 210.00, 4.6, '夜游,游船,山水', 110.290420, 25.281310, 181, 1),
('漓江风景区', '景点', '桂林', '桂林市灵川县漓江景区', '桂林山水核心体验，适合游船和摄影路线。', 210.00, 4.8, '山水,游船,摄影', 110.423580, 25.168730, 182, 1),
('阳朔西街', '景点', '桂林', '桂林市阳朔县西街', '阳朔夜生活和美食街区，适合自由行停留。', 0.00, 4.5, '夜游,街区,美食', 110.496900, 24.778480, 183, 1),
('龙脊梯田', '景点', '桂林', '桂林市龙胜各族自治县龙脊镇', '壮观梯田景观，适合摄影和乡村体验。', 80.00, 4.7, '梯田,摄影,乡村', 110.123790, 25.759310, 184, 1),
-- 桂林酒店
('桂林中心江景酒店', '酒店', '桂林', '桂林市秀峰区滨江路', '靠近两江四湖和象鼻山，适合城市山水夜游。', 328.00, 4.6, '江景,市中心,夜游', 110.294600, 25.278180, 185, 1),
('阳朔山景民宿', '酒店', '桂林', '桂林市阳朔县抗战路', '靠近西街和山水骑行路线，适合自由行。', 288.00, 4.5, '民宿,山景,轻预算', 110.497860, 24.777120, 186, 1),
('龙脊梯田观景客栈', '酒店', '桂林', '桂林市龙胜县龙脊镇', '梯田景区内观景住宿，适合摄影日出。', 368.00, 4.6, '观景,摄影,乡村', 110.124870, 25.758420, 187, 1),
-- 桂林美食
('椿记烧鹅中山店', '美食', '桂林', '桂林市象山区中山中路', '桂林热门本地餐厅，适合家庭聚餐。', 90.00, 4.5, '烧鹅,桂菜,本地味道', 110.293680, 25.275620, 188, 1),
('崇善米粉总店', '美食', '桂林', '桂林市秀峰区依仁路', '桂林米粉代表门店，适合早餐和轻预算路线。', 18.00, 4.4, '米粉,小吃,轻预算', 110.290370, 25.281020, 189, 1),
('阳朔啤酒鱼老店', '美食', '桂林', '桂林市阳朔县西街附近', '阳朔特色啤酒鱼，适合晚餐和夜游搭配。', 95.00, 4.4, '啤酒鱼,桂菜,阳朔', 110.496150, 24.779020, 190, 1),
-- 桂林交通
('桂林两江国际机场', '机场', '桂林', '桂林市临桂区两江镇', '桂林主要航空枢纽，适合山水旅行抵离。', 0.00, 4.4, '机场,交通,山水', 110.039197, 25.218106, 191, 1),
('桂林北站', '火车站', '桂林', '桂林市叠彩区站前路', '桂林高铁站之一，适合广西省内和跨省衔接。', 0.00, 4.4, '高铁,火车站,交通', 110.301180, 25.326650, 192, 1),
-- 重庆景点
('洪崖洞', '景点', '重庆', '重庆市渝中区嘉陵江滨江路88号', '重庆热门夜景地标，适合江景摄影和城市夜游。', 0.00, 4.6, '夜景,地标,摄影', 106.579660, 29.562670, 200, 1),
('解放碑步行街', '景点', '重庆', '重庆市渝中区民族路', '重庆核心商圈，可与洪崖洞、八一路美食街串联。', 0.00, 4.5, '商圈,街区,夜游', 106.576310, 29.557890, 201, 1),
('磁器口古镇', '景点', '重庆', '重庆市沙坪坝区磁南街1号', '重庆传统古镇街区，适合小吃和人文打卡。', 0.00, 4.4, '古镇,小吃,文化', 106.451120, 29.581460, 202, 1),
('长江索道', '景点', '重庆', '重庆市渝中区新华路151号', '重庆城市空中交通体验，可俯瞰两江风光。', 30.00, 4.5, '交通体验,江景,摄影', 106.584760, 29.554800, 203, 1),
('李子坝轻轨站', '景点', '重庆', '重庆市渝中区李子坝正街', '轻轨穿楼观景点，适合重庆城市特色打卡。', 0.00, 4.4, '城市特色,摄影,轻轨', 106.533360, 29.552140, 204, 1),
-- 重庆酒店
('解放碑江景酒店', '酒店', '重庆', '重庆市渝中区解放碑商圈', '靠近洪崖洞和解放碑，适合夜景城市游。', 398.00, 4.6, '江景,商圈,夜游', 106.577470, 29.558730, 205, 1),
('观音桥精选酒店', '酒店', '重庆', '重庆市江北区观音桥步行街', '靠近商圈和地铁，适合美食购物行程。', 338.00, 4.5, '商圈,地铁,美食', 106.533550, 29.580470, 206, 1),
('南滨路夜景酒店', '酒店', '重庆', '重庆市南岸区南滨路', '可观赏渝中半岛夜景，适合情侣和摄影。', 468.00, 4.7, '夜景,江景,情侣', 106.586500, 29.548290, 207, 1),
-- 重庆美食
('珮姐老火锅', '美食', '重庆', '重庆市渝中区较场口', '重庆热门火锅门店，适合夜间美食路线。', 120.00, 4.6, '火锅,麻辣,夜宵', 106.574260, 29.553460, 208, 1),
('好又来酸辣粉', '美食', '重庆', '重庆市渝中区八一路好吃街', '重庆小吃代表，适合解放碑周边轻食。', 18.00, 4.4, '酸辣粉,小吃,轻预算', 106.576650, 29.555210, 209, 1),
('马房湾66号江湖菜', '美食', '重庆', '重庆市沙坪坝区马房湾', '重庆江湖菜热门门店，适合本地风味体验。', 85.00, 4.5, '江湖菜,川渝味,聚餐', 106.457260, 29.579460, 210, 1),
-- 重庆交通
('重庆江北国际机场', '机场', '重庆', '重庆市渝北区机场路', '重庆主要航空枢纽，适合川渝旅行抵离。', 0.00, 4.5, '机场,交通,西南', 106.641678, 29.718849, 211, 1),
('重庆北站', '火车站', '重庆', '重庆市渝北区昆仑大道', '重庆重要铁路枢纽，连接成渝和西南线路。', 0.00, 4.4, '高铁,火车站,交通', 106.549270, 29.610400, 212, 1);

-- ============================================================
--  第四阶段：业务闭环生成脚本——从 map_point 扩展数据自动生成
--  说明：以下脚本将 map_point 中 sort_no 在 100~299 区间的扩展数据（上海、成都、西安、厦门、桂林、重庆）
--       自动转录到 scenic_spot、hotel、hotel_room、ticket、travel_route、route_spot 等核心表中，
--       实现"地图点位录入一次，全业务表自动同步"的闭环数据生成逻辑。
--  关键特性：
--  1. 使用 NOT EXISTS 子句确保幂等性，重复执行不会插入重复数据；
--  2. 使用 CASE 表达式根据 tags 自动推断分类和级别，减少人工干预；
--  3. 使用 ROW_NUMBER() 窗口函数为每个城市的热门景点排序，自动分配路线日程。
-- ============================================================

-- 设置当前会话字符集为 utf8mb4，确保后续插入的中文不乱码。
set names utf8mb4;

-- ------------------------------------------------------------
--  步骤1：从 map_point 景点生成 scenic_spot 记录
--  逻辑：筛选 map_point 中 point_type='景点' 且 sort_no 在扩展区间的数据，
--       根据 tags 内容自动推断 category（城市夜游/滨海度假/人文古迹/亲子乐园/城市地标），
--       避免已存在同名同城的景点（NOT EXISTS 幂等）。
-- ------------------------------------------------------------
insert into scenic_spot (scenic_name, city, category, description, price, score, popularity, tags, longitude, latitude)
select point_name, city,
       case
           when tags like '%夜游%' then '城市夜游'
           when tags like '%海岛%' or tags like '%海滨%' then '滨海度假'
           when tags like '%历史%' or tags like '%文化%' then '人文古迹'
           when tags like '%亲子%' then '亲子乐园'
           else '城市地标'
       end,
       description, price, score, 88, tags, longitude, latitude
from map_point mp
where mp.point_type = '景点'
  and mp.sort_no between 100 and 299
  and not exists (select 1 from scenic_spot s where s.scenic_name = mp.point_name and s.city = mp.city);

-- ------------------------------------------------------------
--  步骤2：从 map_point 酒店生成 hotel 记录
--  逻辑：筛选 map_point 中 point_type='酒店' 且 sort_no 在扩展区间的数据，
--       根据 tags 内容自动推断 level（五星级/精品民宿/四星级），
--       避免已存在同名同城的酒店（NOT EXISTS 幂等）。
-- ------------------------------------------------------------
insert into hotel (hotel_name, city, address, level, description, status)
select point_name, city, address,
       case
           when tags like '%五星%' or tags like '%度假%' then '五星级'
           when tags like '%民宿%' then '精品民宿'
           else '四星级'
       end,
       description, 1
from map_point mp
where mp.point_type = '酒店'
  and mp.sort_no between 100 and 299
  and not exists (select 1 from hotel h where h.hotel_name = mp.point_name and h.city = mp.city);

-- ------------------------------------------------------------
--  步骤3：为扩展酒店生成默认房型（舒适大床房）
--  逻辑：为新插入的扩展酒店生成一种默认房型，
--       价格取 map_point 中该酒店的价格与 268.00 的较大值，保底不低于 268 元，
--       默认库存 10 间，房态为 AVAILABLE。
-- ------------------------------------------------------------
insert into hotel_room (hotel_id, room_type, price, stock, room_status)
select h.id, '舒适大床房', greatest(268.00, coalesce(mp.price, 398.00)), 10, 'AVAILABLE'
from hotel h
join map_point mp on mp.point_name = h.hotel_name and mp.city = h.city and mp.point_type = '酒店'
where mp.sort_no between 100 and 299
  and not exists (select 1 from hotel_room r where r.hotel_id = h.id and r.room_type = '舒适大床房');

-- ------------------------------------------------------------
--  步骤4：为扩展酒店生成第二种默认房型（景观双床房）
--  逻辑：在舒适大床房基础上加价 160 元，提供更高档的房型选择，
--       默认库存 6 间，丰富用户的预订选择。
-- ------------------------------------------------------------
insert into hotel_room (hotel_id, room_type, price, stock, room_status)
select h.id, '景观双床房', greatest(328.00, coalesce(mp.price, 398.00) + 160.00), 6, 'AVAILABLE'
from hotel h
join map_point mp on mp.point_name = h.hotel_name and mp.city = h.city and mp.point_type = '酒店'
where mp.sort_no between 100 and 299
  and not exists (select 1 from hotel_room r where r.hotel_id = h.id and r.room_type = '景观双床房');

-- ------------------------------------------------------------
--  步骤5：为扩展城市景点生成门票（ticket）
--  逻辑：为上海、成都、西安、厦门、桂林、重庆 6 个扩展城市的每个景点生成一张成人票，
--       门票价格取景点参考价格（若为 0 则取 0），默认库存 120 张，可用日期设为 2026-06-20。
-- ------------------------------------------------------------
insert into ticket (scenic_id, ticket_name, price, stock, available_date)
select s.id, concat(s.scenic_name, '成人票'), greatest(0.00, coalesce(s.price, 0.00)), 120, '2026-06-20'
from scenic_spot s
where s.city in ('上海','成都','西安','厦门','桂林','重庆')
  and not exists (select 1 from ticket t where t.scenic_id = s.id);

-- ------------------------------------------------------------
--  步骤6：为扩展城市生成"三日精选游"路线
--  逻辑：为 6 个扩展城市各生成一条 3 天精华路线，
--       预算按城市差异化设定（上海最高 1588，重庆最低 1188），
--       主题统一为"城市精华"，描述突出城市特色。
-- ------------------------------------------------------------
insert into travel_route (route_name, city, days, budget, theme, route_desc)
select concat(city, '三日精选游'), city, 3,
       case city
           when '上海' then 1588.00
           when '成都' then 1288.00
           when '西安' then 1388.00
           when '厦门' then 1488.00
           when '桂林' then 1288.00
           when '重庆' then 1188.00
           else 1288.00
       end,
       '城市精华', concat('串联', city, '核心景点、精选酒店和热门门票，适合期末项目完整演示。')
from (select '上海' city union all select '成都' union all select '西安' union all select '厦门' union all select '桂林' union all select '重庆') c
where not exists (select 1 from travel_route r where r.route_name = concat(c.city, '三日精选游'));

-- ------------------------------------------------------------
--  步骤7：为扩展城市生成"轻预算周末游"路线
--  逻辑：为 6 个扩展城市各生成一条 2 天轻预算路线，
--       预算低于对应的三日精选游，面向学生/轻预算群体，
--       主题统一为"经济实惠"，描述突出免费景点和低成本体验。
-- ------------------------------------------------------------
insert into travel_route (route_name, city, days, budget, theme, route_desc)
select concat(city, '轻预算周末游'), city, 2,
       case city
           when '上海' then 999.00
           when '成都' then 788.00
           when '西安' then 888.00
           when '厦门' then 968.00
           when '桂林' then 858.00
           when '重庆' then 788.00
           else 888.00
       end,
       '经济实惠', concat('面向轻预算用户，优先选择', city, '免费街区、小吃和交通便利酒店。')
from (select '上海' city union all select '成都' union all select '西安' union all select '厦门' union all select '桂林' union all select '重庆') c
where not exists (select 1 from travel_route r where r.route_name = concat(c.city, '轻预算周末游'));

-- ------------------------------------------------------------
--  步骤8：清理扩展城市旧路线关联（幂等准备）
--  逻辑：先删除扩展城市（上海、成都、西安、厦门、桂林、重庆）在 route_spot 中的旧关联，
--       避免重新执行时产生重复数据。JOIN travel_route 确保只删除属于这些城市的路线关联。
-- ------------------------------------------------------------
delete rs from route_spot rs
join travel_route tr on tr.id = rs.route_id
where tr.city in ('上海','成都','西安','厦门','桂林','重庆');

-- ------------------------------------------------------------
--  步骤9：为扩展城市路线重新生成景点关联（route_spot）
--  逻辑：使用 ROW_NUMBER() 窗口函数按城市维度对景点按 popularity 和 score 排序，
--       取每个城市热度最高的前 4（2 日游）或前 5（3 日游）个景点，
--       自动分配到第 1 天、第 2 天、第 3 天，并设定每天的游览顺序（sort_no）。
--  分配规则：
--  - rn <= 2 的景点 -> day_no = 1
--  - rn <= 4 的景点 -> day_no = 2
--  - rn > 4 的景点 -> day_no = 3
--  - rn 为奇数 -> sort_no = 1（当天第1个景点）
--  - rn 为偶数 -> sort_no = 2（当天第2个景点）
-- ------------------------------------------------------------
insert into route_spot (route_id, scenic_id, day_no, sort_no)
select tr.id, s.id,
       case when ranked.rn <= 2 then 1 when ranked.rn <= 4 then 2 else 3 end,  -- 按排名分配到第几天
       case when ranked.rn in (1,3,5) then 1 else 2 end                       -- 奇数排第1，偶数排第2
from travel_route tr
join (
    select s.*,
           row_number() over (partition by s.city order by s.popularity desc, s.score desc, s.id asc) rn
    from scenic_spot s
    where s.city in ('上海','成都','西安','厦门','桂林','重庆')
) ranked on ranked.city = tr.city and ranked.rn <= case when tr.days = 2 then 4 else 5 end
join scenic_spot s on s.id = ranked.id
where tr.city in ('上海','成都','西安','厦门','桂林','重庆');
